,Tavg,RH_avg,RR,ss,ddd_x,ff_avg
2016-01-01,28.6,81.0,9.239963532582845,5.8,280.0,2.0
2016-01-02,27.0,88.0,1.6,8.7,290.0,2.0
2016-01-03,28.1,80.0,33.8,5.4,280.0,2.0
2016-01-04,29.2,81.0,23.8,6.6,200.0,1.0
2016-01-05,26.7,91.0,13.8,3.2,180.0,1.0
2016-01-06,28.9,80.0,3.8,3.6,190.0,2.0
2016-01-07,30.0,78.0,5.083333333333333,7.6,60.0,2.0
2016-01-08,29.9,79.0,6.366666666666667,7.9,50.0,2.0
2016-01-09,29.7,79.0,7.65,10.2,110.0,2.0
2016-01-10,29.2,80.0,8.933333333333334,8.2,80.0,2.0
2016-01-11,28.2,83.0,10.216666666666669,4.9,280.0,1.0
2016-01-12,26.0,93.0,11.5,5.7,50.0,1.0
2016-01-13,26.3,92.0,36.3,0.9,270.0,1.0
2016-01-14,28.5,84.0,4.4,3.7,40.0,2.0
2016-01-15,29.0,84.0,2.5,4.8,70.0,1.0
2016-01-16,28.6,82.0,0.6,3.9,60.0,1.0
2016-01-17,28.1,86.0,2.55,3.1,160.0,2.0
2016-01-18,28.5,81.0,4.5,6.8,280.0,2.0
2016-01-19,27.4,89.0,3.4,3.1,250.0,2.0
2016-01-20,27.8,87.0,0.9,4.6,260.0,2.0
2016-01-21,27.7,86.0,0.3,1.6,260.0,1.0
2016-01-22,28.7,84.0,0.1,0.8,300.0,2.0
2016-01-23,26.2,88.0,13.9,0.7,130.0,2.0
2016-01-24,27.2,91.0,7.5,0.2,180.0,1.0
2016-01-25,25.5,96.0,56.0,1.0,120.0,1.0
2016-01-26,28.1,85.0,2.0,0.0,290.0,1.0
2016-01-27,29.2,83.0,2.0,4.0,240.0,2.0
2016-01-28,29.0,83.0,2.0,7.4,130.0,2.0
2016-01-29,29.1,80.0,2.0,3.1,170.0,2.0
2016-01-30,28.0,86.0,2.0,8.4,290.0,2.0
2016-01-31,27.9,82.0,0.4,1.7,260.0,2.0
2016-02-01,27.2,89.0,13.45,4.1,280.0,2.0
2016-02-02,27.5,89.0,26.5,2.3,280.0,3.0
2016-02-03,27.8,82.0,4.0,2.0,250.0,2.0
2016-02-04,26.9,90.0,5.85,2.1,210.0,1.0
2016-02-05,28.4,84.0,7.7,0.6,260.0,2.0
2016-02-06,28.7,85.0,4.1,1.5,240.0,2.0
2016-02-07,27.9,86.0,0.5,7.8,250.0,2.0
2016-02-08,26.7,92.0,27.5,4.2,280.0,2.0
2016-02-09,27.1,88.0,23.7,3.8,260.0,2.0
2016-02-10,26.4,90.0,10.0,4.6,280.0,2.0
2016-02-11,27.3,89.0,9.85,0.2,270.0,2.0
2016-02-12,27.0,88.0,9.7,0.7,250.0,1.0
2016-02-13,28.2,84.0,23.0,1.6,290.0,1.0
2016-02-14,27.2,89.0,0.5,1.6,270.0,1.0
2016-02-15,28.1,85.0,10.0,5.5,260.0,2.0
2016-02-16,27.5,86.0,9.25,7.1,200.0,2.0
2016-02-17,26.6,89.0,8.5,1.0,270.0,1.0
2016-02-18,27.4,86.0,2.0,0.5,280.0,2.0
2016-02-19,28.3,82.0,0.4,8.0,100.0,2.0
2016-02-20,28.0,85.0,0.6,4.1,270.0,2.0
2016-02-21,28.2,85.0,0.8,3.6,250.0,3.0
2016-02-22,28.4,85.0,1.0,3.1,280.0,2.0
2016-02-23,28.3,83.0,8.333333333333332,2.1,270.0,2.0
2016-02-24,26.9,92.0,15.666666666666666,1.4500000000000002,250.0,1.0
2016-02-25,27.0,88.5,23.0,0.8,190.0,0.0
2016-02-26,27.1,85.0,34.0,2.3,270.0,1.0
2016-02-27,28.4,78.0,0.8,2.5,180.0,2.0
2016-02-28,27.3,84.5,67.0,7.5,200.0,1.0
2016-02-29,26.2,91.0,8.0,0.0,280.0,2.0
2016-03-01,26.9,88.0,44.2,2.5,290.0,3.0
2016-03-02,26.941935483870967,87.87096774193549,42.78064516129032,2.596774193548387,289.03225806451616,2.967741935483871
2016-03-03,26.983870967741932,87.74193548387096,41.36129032258065,2.693548387096774,288.06451612903226,2.935483870967742
2016-03-04,27.0258064516129,87.61290322580645,39.94193548387097,2.790322580645161,287.0967741935484,2.903225806451613
2016-03-05,27.06774193548387,87.48387096774194,38.52258064516129,2.8870967741935485,286.1290322580645,2.870967741935484
2016-03-06,27.10967741935484,87.35483870967742,37.10322580645162,2.9838709677419355,285.16129032258067,2.838709677419355
2016-03-07,27.151612903225804,87.2258064516129,35.68387096774194,3.0806451612903225,284.19354838709677,2.806451612903226
2016-03-08,27.193548387096772,87.09677419354838,34.26451612903226,3.1774193548387095,283.2258064516129,2.774193548387097
2016-03-09,27.23548387096774,86.96774193548387,32.84516129032258,3.274193548387097,282.258064516129,2.741935483870968
2016-03-10,27.27741935483871,86.83870967741936,31.425806451612907,3.370967741935484,281.2903225806452,2.709677419354839
2016-03-11,27.319354838709675,86.70967741935483,30.006451612903227,3.467741935483871,280.3225806451613,2.6774193548387095
2016-03-12,27.361290322580643,86.58064516129032,28.58709677419355,3.564516129032258,279.35483870967744,2.6451612903225805
2016-03-13,27.403225806451612,86.45161290322581,27.167741935483875,3.661290322580645,278.38709677419354,2.6129032258064515
2016-03-14,27.44516129032258,86.3225806451613,25.748387096774195,3.758064516129032,277.4193548387097,2.5806451612903225
2016-03-15,27.487096774193546,86.19354838709677,24.32903225806452,3.854838709677419,276.4516129032258,2.5483870967741935
2016-03-16,27.529032258064515,86.06451612903226,22.90967741935484,3.9516129032258065,275.48387096774195,2.5161290322580645
2016-03-17,27.570967741935483,85.93548387096774,21.490322580645163,4.048387096774194,274.51612903225805,2.4838709677419355
2016-03-18,27.612903225806452,85.80645161290323,20.070967741935487,4.14516129032258,273.5483870967742,2.4516129032258065
2016-03-19,27.654838709677417,85.6774193548387,18.651612903225807,4.241935483870968,272.5806451612903,2.4193548387096775
2016-03-20,27.696774193548386,85.54838709677419,17.23225806451613,4.338709677419355,271.61290322580646,2.3870967741935485
2016-03-21,27.738709677419354,85.41935483870968,15.812903225806451,4.435483870967742,270.64516129032256,2.3548387096774195
2016-03-22,27.780645161290323,85.29032258064517,14.393548387096775,4.532258064516129,269.6774193548387,2.3225806451612905
2016-03-23,27.82258064516129,85.16129032258064,12.974193548387099,4.629032258064516,268.7096774193548,2.290322580645161
2016-03-24,27.864516129032257,85.03225806451613,11.55483870967742,4.725806451612903,267.741935483871,2.258064516129032
2016-03-25,27.906451612903226,84.90322580645162,10.135483870967747,4.82258064516129,266.7741935483871,2.225806451612903
2016-03-26,27.948387096774194,84.7741935483871,8.716129032258067,4.919354838709678,265.80645161290323,2.193548387096774
2016-03-27,27.99032258064516,84.64516129032258,7.296774193548387,5.016129032258064,264.83870967741933,2.161290322580645
2016-03-28,28.032258064516128,84.51612903225806,5.8774193548387075,5.112903225806452,263.8709677419355,2.129032258064516
2016-03-29,28.074193548387097,84.38709677419355,4.458064516129035,5.209677419354838,262.9032258064516,2.096774193548387
2016-03-30,28.116129032258065,84.25806451612904,3.038709677419355,5.306451612903226,261.93548387096774,2.064516129032258
2016-03-31,28.15806451612903,84.12903225806451,1.6193548387096754,5.403225806451613,260.9677419354839,2.032258064516129
2016-04-01,28.2,84.0,0.2,5.5,260.0,2.0
2016-04-02,28.196666666666665,84.0,0.96,5.376666666666667,253.33333333333334,2.033333333333333
2016-04-03,28.19333333333333,84.0,1.72,5.253333333333333,246.66666666666666,2.066666666666667
2016-04-04,28.189999999999998,84.0,2.4800000000000004,5.13,240.0,2.1
2016-04-05,28.186666666666667,84.0,3.24,5.006666666666667,233.33333333333334,2.1333333333333333
2016-04-06,28.183333333333334,84.0,4.0,4.883333333333333,226.66666666666666,2.1666666666666665
2016-04-07,28.18,84.0,4.760000000000001,4.76,220.0,2.2
2016-04-08,28.176666666666666,84.0,5.5200000000000005,4.636666666666667,213.33333333333331,2.2333333333333334
2016-04-09,28.173333333333332,84.0,6.28,4.513333333333334,206.66666666666666,2.2666666666666666
2016-04-10,28.17,84.0,7.04,4.39,200.0,2.3
2016-04-11,28.166666666666668,84.0,7.8,4.266666666666667,193.33333333333331,2.3333333333333335
2016-04-12,28.163333333333334,84.0,8.559999999999999,4.1433333333333335,186.66666666666666,2.3666666666666667
2016-04-13,28.16,84.0,9.32,4.02,180.0,2.4
2016-04-14,28.156666666666666,84.0,10.08,3.8966666666666665,173.33333333333331,2.4333333333333336
2016-04-15,28.153333333333332,84.0,10.84,3.7733333333333334,166.66666666666666,2.466666666666667
2016-04-16,28.15,84.0,11.6,3.65,160.0,2.5
2016-04-17,28.14666666666667,84.0,12.36,3.5266666666666664,153.33333333333331,2.533333333333333
2016-04-18,28.143333333333334,84.0,13.12,3.4033333333333333,146.66666666666666,2.5666666666666664
2016-04-19,28.14,84.0,13.879999999999999,3.28,140.0,2.6
2016-04-20,28.136666666666667,84.0,14.639999999999999,3.1566666666666667,133.33333333333331,2.6333333333333333
2016-04-21,28.133333333333333,84.0,15.399999999999999,3.033333333333333,126.66666666666666,2.6666666666666665
2016-04-22,28.130000000000003,84.0,16.16,2.91,120.0,2.7
2016-04-23,28.12666666666667,84.0,16.919999999999998,2.7866666666666666,113.33333333333331,2.7333333333333334
2016-04-24,28.123333333333335,84.0,17.68,2.663333333333333,106.66666666666666,2.7666666666666666
2016-04-25,28.12,84.0,18.44,2.54,100.0,2.8
2016-04-26,28.116666666666667,84.0,19.2,2.4166666666666665,93.33333333333331,2.8333333333333335
2016-04-27,28.113333333333333,84.0,19.96,2.2933333333333334,86.66666666666666,2.8666666666666667
2016-04-28,28.11,84.0,20.72,2.17,80.0,2.9
2016-04-29,28.10666666666667,84.0,21.48,2.0466666666666664,73.33333333333331,2.9333333333333336
2016-04-30,28.103333333333335,84.0,22.24,1.9233333333333333,66.66666666666666,2.966666666666667
2016-05-01,28.1,84.0,23.0,1.8,60.0,3.0
2016-05-02,28.1,84.09677419354838,22.661290322580644,1.864516129032258,61.29032258064516,2.967741935483871
2016-05-03,28.1,84.19354838709677,22.322580645161292,1.9290322580645163,62.58064516129032,2.935483870967742
2016-05-04,28.1,84.29032258064517,21.983870967741936,1.9935483870967743,63.87096774193549,2.903225806451613
2016-05-05,28.1,84.38709677419355,21.64516129032258,2.0580645161290323,65.16129032258064,2.870967741935484
2016-05-06,28.1,84.48387096774194,21.306451612903224,2.1225806451612903,66.45161290322581,2.838709677419355
2016-05-07,28.1,84.58064516129032,20.967741935483872,2.1870967741935483,67.74193548387098,2.806451612903226
2016-05-08,28.1,84.6774193548387,20.629032258064516,2.2516129032258063,69.03225806451613,2.774193548387097
2016-05-09,28.1,84.7741935483871,20.29032258064516,2.3161290322580648,70.3225806451613,2.741935483870968
2016-05-10,28.1,84.87096774193549,19.951612903225808,2.3806451612903228,71.61290322580645,2.709677419354839
2016-05-11,28.1,84.96774193548387,19.612903225806452,2.445161290322581,72.90322580645162,2.6774193548387095
2016-05-12,28.1,85.06451612903226,19.274193548387096,2.509677419354839,74.19354838709677,2.6451612903225805
2016-05-13,28.1,85.16129032258064,18.935483870967744,2.574193548387097,75.48387096774194,2.6129032258064515
2016-05-14,28.1,85.25806451612904,18.596774193548388,2.638709677419355,76.7741935483871,2.5806451612903225
2016-05-15,28.1,85.35483870967742,18.258064516129032,2.703225806451613,78.06451612903226,2.5483870967741935
2016-05-16,28.1,85.45161290322581,17.91935483870968,2.767741935483871,79.35483870967742,2.5161290322580645
2016-05-17,28.1,85.54838709677419,17.580645161290324,2.832258064516129,80.64516129032258,2.4838709677419355
2016-05-18,28.1,85.64516129032258,17.241935483870968,2.896774193548387,81.93548387096774,2.4516129032258065
2016-05-19,28.1,85.74193548387096,16.903225806451612,2.961290322580645,83.2258064516129,2.4193548387096775
2016-05-20,28.1,85.83870967741936,16.56451612903226,3.0258064516129033,84.51612903225806,2.3870967741935485
2016-05-21,28.1,85.93548387096774,16.225806451612904,3.0903225806451613,85.80645161290323,2.3548387096774195
2016-05-22,28.1,86.03225806451613,15.887096774193548,3.1548387096774193,87.09677419354838,2.3225806451612905
2016-05-23,28.1,86.12903225806451,15.548387096774194,3.2193548387096778,88.38709677419355,2.290322580645161
2016-05-24,28.1,86.2258064516129,15.20967741935484,3.2838709677419358,89.6774193548387,2.258064516129032
2016-05-25,28.1,86.3225806451613,14.870967741935484,3.3483870967741938,90.96774193548387,2.225806451612903
2016-05-26,28.1,86.41935483870968,14.53225806451613,3.412903225806452,92.25806451612902,2.193548387096774
2016-05-27,28.1,86.51612903225806,14.193548387096774,3.47741935483871,93.54838709677419,2.161290322580645
2016-05-28,28.1,86.61290322580645,13.85483870967742,3.541935483870968,94.83870967741936,2.129032258064516
2016-05-29,28.1,86.70967741935483,13.516129032258066,3.606451612903226,96.12903225806451,2.096774193548387
2016-05-30,28.1,86.80645161290323,13.17741935483871,3.670967741935484,97.41935483870968,2.064516129032258
2016-05-31,28.1,86.90322580645162,12.838709677419356,3.735483870967742,98.70967741935485,2.032258064516129
2016-06-01,28.1,87.0,12.5,3.8,100.0,2.0
2016-06-02,28.096666666666668,86.96666666666667,12.15,3.873333333333333,104.0,1.9666666666666666
2016-06-03,28.093333333333334,86.93333333333334,11.8,3.9466666666666663,108.0,1.9333333333333333
2016-06-04,28.09,86.9,11.45,4.02,112.0,1.9
2016-06-05,28.08666666666667,86.86666666666666,11.1,4.093333333333333,116.0,1.8666666666666667
2016-06-06,28.083333333333336,86.83333333333333,10.75,4.166666666666666,120.0,1.8333333333333333
2016-06-07,28.080000000000002,86.8,10.4,4.24,124.0,1.8
2016-06-08,28.076666666666668,86.76666666666667,10.05,4.3133333333333335,128.0,1.7666666666666666
2016-06-09,28.073333333333334,86.73333333333333,9.7,4.386666666666667,132.0,1.7333333333333334
2016-06-10,28.07,86.7,9.35,4.46,136.0,1.7
2016-06-11,28.066666666666666,86.66666666666667,9.0,4.533333333333333,140.0,1.6666666666666667
2016-06-12,28.063333333333333,86.63333333333334,8.65,4.6066666666666665,144.0,1.6333333333333333
2016-06-13,28.060000000000002,86.6,8.3,4.68,148.0,1.6
2016-06-14,28.05666666666667,86.56666666666666,7.95,4.753333333333333,152.0,1.5666666666666667
2016-06-15,28.053333333333335,86.53333333333333,7.6000000000000005,4.826666666666666,156.0,1.5333333333333332
2016-06-16,28.05,86.5,7.25,4.9,160.0,1.5
2016-06-17,28.046666666666667,86.46666666666667,6.9,4.973333333333333,164.0,1.4666666666666668
2016-06-18,28.043333333333333,86.43333333333334,6.550000000000001,5.046666666666667,168.0,1.4333333333333333
2016-06-19,28.04,86.4,6.2,5.12,172.0,1.4
2016-06-20,28.03666666666667,86.36666666666666,5.8500000000000005,5.193333333333333,176.0,1.3666666666666667
2016-06-21,28.033333333333335,86.33333333333333,5.5,5.266666666666667,180.0,1.3333333333333335
2016-06-22,28.03,86.3,5.15,5.34,184.0,1.3
2016-06-23,28.026666666666667,86.26666666666667,4.800000000000001,5.413333333333333,188.0,1.2666666666666666
2016-06-24,28.023333333333333,86.23333333333333,4.450000000000001,5.486666666666666,192.0,1.2333333333333334
2016-06-25,28.02,86.2,4.100000000000001,5.56,196.0,1.2
2016-06-26,28.016666666666666,86.16666666666667,3.75,5.633333333333333,200.0,1.1666666666666665
2016-06-27,28.013333333333332,86.13333333333334,3.4000000000000004,5.706666666666667,204.0,1.1333333333333333
2016-06-28,28.01,86.1,3.0500000000000007,5.779999999999999,208.0,1.1
2016-06-29,28.006666666666668,86.06666666666666,2.700000000000001,5.8533333333333335,212.0,1.0666666666666667
2016-06-30,28.003333333333334,86.03333333333333,2.3500000000000014,5.926666666666666,216.0,1.0333333333333332
2016-07-01,28.0,86.0,2.0,6.0,220.0,1.0
2016-07-02,28.6,84.0,0.2,1.7,210.0,1.0
2016-07-03,27.2,88.0,25.35,6.7,100.0,2.0
2016-07-04,27.7,84.0,50.5,4.8,100.0,1.0
2016-07-05,27.2,86.0,4.3,7.2,180.0,2.0
2016-07-06,28.4,81.0,14.2,7.6,50.0,2.0
2016-07-07,28.9,81.0,13.5,8.9,50.0,2.0
2016-07-08,28.2,81.0,12.8,8.6,60.0,2.0
2016-07-09,28.7,79.0,15.725,8.9,100.0,2.0
2016-07-10,27.7,83.0,18.65,6.1,70.0,1.0
2016-07-11,27.1,92.0,21.575,1.6,90.0,1.0
2016-07-12,27.0,90.0,24.5,4.4,160.0,1.0
2016-07-13,26.6,90.0,21.7,5.8,50.0,1.0
2016-07-14,28.2,83.0,0.8,3.7,60.0,2.0
2016-07-15,28.6,81.0,1.6,5.2,50.0,2.0
2016-07-16,27.3,87.0,2.4000000000000004,8.1,250.0,1.0
2016-07-17,27.0,89.0,3.2,7.0,270.0,1.0
2016-07-18,26.4,86.0,4.0,3.8,200.0,1.0
2016-07-19,26.3,94.0,42.8,7.7,260.0,1.0
2016-07-20,25.5,90.0,2.3,5.3,50.0,1.0
2016-07-21,27.7,82.0,29.6,2.7,240.0,2.0
2016-07-22,25.0,94.0,0.6,7.6,100.0,1.0
2016-07-23,27.3,83.0,1.15,2.5,50.0,2.0
2016-07-24,26.6,88.0,1.7,8.4,160.0,1.0
2016-07-25,26.4,90.0,24.0,7.6,280.0,1.0
2016-07-26,27.3,78.0,12.0,2.4,240.0,1.0
2016-07-27,27.9,77.0,12.55,8.4,90.0,2.0
2016-07-28,27.8,78.0,13.1,8.5,70.0,1.0
2016-07-29,27.9,83.0,13.65,7.8,280.0,1.0
2016-07-30,28.1,82.0,14.2,4.9,110.0,2.0
2016-07-31,28.4,76.0,9.866666666666667,6.0,60.0,1.0
2016-08-01,28.9,80.0,5.533333333333333,9.1,180.0,1.0
2016-08-02,27.2,80.0,1.2,8.4,180.0,2.0
2016-08-03,28.1,69.0,40.0,6.9,70.0,2.0
2016-08-04,27.9,73.0,32.12,9.6,170.0,1.0
2016-08-05,27.4,75.0,24.24,6.4,160.0,1.0
2016-08-06,27.8,74.0,16.36,7.6,210.0,1.0
2016-08-07,28.1,72.0,8.48,7.5,250.0,1.0
2016-08-08,27.8,82.0,0.6,7.4,130.0,1.0
2016-08-09,26.7,85.0,9.7,2.3,220.0,1.0
2016-08-10,27.4,81.0,43.3,4.9,80.0,1.0
2016-08-11,28.8,78.0,23.65,8.0,120.0,1.0
2016-08-12,28.0,83.0,4.0,4.5,70.0,1.0
2016-08-13,28.7,75.0,0.3,7.6,270.0,2.0
2016-08-14,26.1,89.0,9.9,2.8,60.0,1.0
2016-08-15,27.5,83.0,19.0,1.0,60.0,1.0
2016-08-16,27.7,77.0,13.633333333333333,2.2,80.0,1.0
2016-08-17,28.3,76.0,8.266666666666666,2.0,110.0,2.0
2016-08-18,27.7,82.0,2.9,7.8,190.0,1.0
2016-08-19,28.5,78.0,13.95,3.4,80.0,1.0
2016-08-20,27.7,76.0,25.0,6.3,220.0,2.0
2016-08-21,28.4,76.0,25.1,9.2,260.0,1.0
2016-08-22,27.5,77.0,25.2,8.0,100.0,1.0
2016-08-23,27.9,79.0,21.5,7.7,230.0,0.0
2016-08-24,27.5,82.0,0.1,6.1,110.0,1.0
2016-08-25,26.8,81.0,1.0,7.9,280.0,1.0
2016-08-26,27.6,82.0,20.0,3.8,60.0,1.0
2016-08-27,26.2,87.0,39.0,4.3,180.0,2.0
2016-08-28,27.3,85.0,58.0,3.3,80.0,0.0
2016-08-29,26.2,91.0,14.5,2.7,90.0,0.0
2016-08-30,25.1,93.0,0.4,4.0,200.0,1.0
2016-08-31,27.3,85.0,58.0,1.6,90.0,1.0
2016-09-01,28.1,81.0,41.5,6.8,140.0,1.0
2016-09-02,27.7,82.0,25.0,6.6,190.0,1.0
2016-09-03,28.4,78.0,1.2,6.2,180.0,1.0
2016-09-04,26.8,85.0,3.6,6.6,70.0,0.0
2016-09-05,28.4,78.0,6.0,4.0,80.0,2.0
2016-09-06,27.8,81.0,3.2,7.7,300.0,1.0
2016-09-07,27.7,79.0,0.4,5.8,260.0,2.0
2016-09-08,27.4,82.0,11.8,6.8,250.0,1.0
2016-09-09,28.3,76.0,0.1,2.6,100.0,2.0
2016-09-10,28.9,72.0,0.575,5.5,70.0,2.0
2016-09-11,27.8,76.0,1.05,5.9,250.0,2.0
2016-09-12,29.1,66.0,1.525,6.0,110.0,1.0
2016-09-13,28.5,75.0,2.0,6.2,260.0,1.0
2016-09-14,28.4,75.0,22.0,7.7,100.0,2.0
2016-09-15,26.9,86.0,42.0,5.3,210.0,1.0
2016-09-16,27.4,82.0,14.2,4.9,70.0,1.0
2016-09-17,28.1,82.0,2.0,2.5,220.0,2.0
2016-09-18,27.3,89.0,9.0,2.4,120.0,0.0
2016-09-19,26.2,92.0,12.35,2.1,290.0,1.0
2016-09-20,28.0,83.0,15.7,4.9,240.0,2.0
2016-09-21,25.8,91.0,10.05,8.4,280.0,1.0
2016-09-22,27.7,85.0,4.4,3.8,250.0,1.0
2016-09-23,28.1,80.0,3.0500000000000003,2.1,240.0,2.0
2016-09-24,26.7,87.0,1.7,2.6,250.0,2.0
2016-09-25,28.4,81.0,60.5,4.4,220.0,1.0
2016-09-26,27.8,78.0,11.0,6.9,230.0,3.0
2016-09-27,25.5,92.0,20.95,4.6,220.0,1.0
2016-09-28,28.2,76.0,30.9,1.9,60.0,1.0
2016-09-29,27.6,83.0,25.0,4.2,200.0,1.0
2016-09-30,26.7,86.0,6.3,7.9,180.0,1.0
2016-10-01,28.4,78.0,0.5,6.5,260.0,6.0
2016-10-02,27.2,80.0,0.4,3.2,260.0,5.0
2016-10-03,27.7,76.0,0.3,3.5,230.0,4.0
2016-10-04,26.6,86.0,0.2,2.2,190.0,2.0
2016-10-05,27.1,84.0,14.5,3.2,170.0,2.0
2016-10-06,27.7,75.0,11.625,4.300000000000001,250.0,3.0
2016-10-07,28.7,77.0,8.75,5.4,260.0,3.0
2016-10-08,26.8,87.0,5.875,1.5,220.0,4.0
2016-10-09,27.7,80.0,3.0,4.3,90.0,5.0
2016-10-10,25.4,92.0,1.5,0.0,140.0,3.0
2016-10-11,27.0,86.0,24.0,1.4,90.0,2.0
2016-10-12,27.1,88.0,11.0,0.0,80.0,3.0
2016-10-13,26.6,91.0,8.2,1.9,220.0,4.0
2016-10-14,26.3,89.0,5.4,0.0,260.0,5.0
2016-10-15,28.1,81.0,1.4,0.3,20.0,5.0
2016-10-16,29.2,73.0,6.914285714285715,4.9,0.0,4.0
2016-10-17,28.6,75.0,12.428571428571429,3.5,270.0,3.0
2016-10-18,28.8,78.0,17.942857142857143,3.4,80.0,3.0
2016-10-19,29.1,77.0,23.457142857142856,4.5,140.0,4.0
2016-10-20,28.8,76.0,28.971428571428568,3.4,170.0,0.0
2016-10-21,26.3,88.0,34.48571428571429,1.4,260.0,2.0
2016-10-22,27.6,84.0,40.0,1.5,90.0,5.0
2016-10-23,24.7,97.0,36.4,0.0,230.0,2.0
2016-10-24,27.0,86.0,29.0,1.4,100.0,4.0
2016-10-25,27.7,66.0,9.7,7.0,130.0,5.0
2016-10-26,28.6,79.0,10.5,4.9,270.0,5.0
2016-10-27,26.7,88.0,3.0,1.5,180.0,4.0
2016-10-28,26.6,90.0,41.0,0.7,270.0,3.0
2016-10-29,27.2,83.0,2.0,6.2,270.0,3.0
2016-10-30,27.4,82.0,1.7,4.5,170.0,3.0
2016-10-31,27.4,82.0,1.1,5.8,190.0,4.0
2016-11-01,28.1,78.0,1.0,6.2,260.0,4.0
2016-11-02,28.2,78.0,1.0,4.6,250.0,4.0
2016-11-03,28.3,78.0,0.75,0.8,270.0,3.0
2016-11-04,28.2,78.0,0.5,1.0,250.0,3.0
2016-11-05,28.7,75.0,8.6,0.2,280.0,6.0
2016-11-06,29.2,72.0,16.7,4.0,40.0,5.0
2016-11-07,29.3,74.0,24.8,4.3,90.0,4.0
2016-11-08,27.5,84.0,32.9,1.8,180.0,3.0
2016-11-09,26.9,85.0,41.0,3.7,260.0,2.0
2016-11-10,26.8,85.0,0.4,5.3,220.0,2.0
2016-11-11,27.3,84.0,31.0,3.5,260.0,3.0
2016-11-12,27.3,85.0,48.0,4.6,260.0,3.0
2016-11-13,26.2,91.0,16.0,1.9,260.0,4.0
2016-11-14,27.0,89.0,97.0,4.7,270.0,3.0
2016-11-15,27.0,85.0,14.0,1.9,260.0,4.0
2016-11-16,27.5,85.0,40.3,4.8,40.0,4.0
2016-11-17,28.1,79.0,27.266666666666666,4.9,170.0,5.0
2016-11-18,28.092857142857145,78.92857142857143,26.335714285714285,4.6000000000000005,176.42857142857142,5.071428571428571
2016-11-19,28.085714285714285,78.85714285714286,25.404761904761905,4.300000000000001,182.85714285714286,5.142857142857143
2016-11-20,28.07857142857143,78.78571428571429,24.47380952380952,4.0,189.28571428571428,5.214285714285714
2016-11-21,28.071428571428573,78.71428571428571,23.54285714285714,3.7,195.71428571428572,5.285714285714286
2016-11-22,28.064285714285717,78.64285714285714,22.61190476190476,3.4000000000000004,202.14285714285714,5.357142857142857
2016-11-23,28.057142857142857,78.57142857142857,21.68095238095238,3.1000000000000005,208.57142857142856,5.428571428571429
2016-11-24,28.05,78.5,20.75,2.8000000000000003,215.0,5.5
2016-11-25,28.042857142857144,78.42857142857143,19.81904761904762,2.5000000000000004,221.42857142857144,5.571428571428571
2016-11-26,28.035714285714285,78.35714285714286,18.88809523809524,2.2000000000000006,227.85714285714286,5.642857142857142
2016-11-27,28.02857142857143,78.28571428571429,17.957142857142856,1.9000000000000004,234.28571428571428,5.714285714285714
2016-11-28,28.021428571428572,78.21428571428571,17.02619047619048,1.6000000000000005,240.71428571428572,5.785714285714286
2016-11-29,28.014285714285716,78.14285714285714,16.095238095238095,1.3000000000000007,247.14285714285714,5.857142857142857
2016-11-30,28.007142857142856,78.07142857142857,15.164285714285715,1.0000000000000004,253.57142857142856,5.928571428571429
2016-12-01,28.0,78.0,14.233333333333334,0.7,260.0,6.0
2016-12-02,25.1,93.0,1.2,2.1,230.0,3.0
2016-12-03,28.0,80.0,8.5,3.5,260.0,4.0
2016-12-04,25.1,85.0,7.75,0.3,240.0,7.0
2016-12-05,24.7,90.0,7.0,0.9,230.0,6.0
2016-12-06,27.3,82.0,6.5,1.8,250.0,4.0
2016-12-07,28.0,80.0,10.166666666666666,3.0,260.0,6.0
2016-12-08,27.5,83.0,13.833333333333332,3.3,270.0,4.0
2016-12-09,27.7,82.0,17.5,6.0,260.0,7.0
2016-12-10,28.9,74.0,8.85,7.5,260.0,7.0
2016-12-11,27.4,82.0,0.2,0.4,260.0,7.0
2016-12-12,27.3,80.0,17.0,4.8,230.0,5.0
2016-12-13,27.7,79.0,14.466666666666669,2.6,230.0,4.0
2016-12-14,26.9,86.0,11.933333333333334,4.0,250.0,6.0
2016-12-15,27.3,80.0,9.4,5.9,240.0,6.0
2016-12-16,28.2,78.0,0.5,2.7,240.0,5.0
2016-12-17,26.3,90.0,7.25,4.8,270.0,3.0
2016-12-18,27.7,84.0,14.0,4.6,260.0,6.0
2016-12-19,27.5,83.0,12.5,2.9,230.0,7.0
2016-12-20,28.8,76.0,1.0,7.4,230.0,7.0
2016-12-21,28.1,80.0,0.8,5.8,230.0,7.0
2016-12-22,26.5,82.0,0.6000000000000001,5.3,260.0,7.0
2016-12-23,28.2,85.0,0.4,4.5,250.0,7.0
2016-12-24,28.0,64.0,1.1,2.5,260.0,7.0
2016-12-25,28.3,78.0,1.8000000000000005,2.0,230.0,5.0
2016-12-26,28.4,76.0,2.5,4.3,230.0,4.0
2016-12-27,27.3,79.0,0.7,5.2,270.0,3.0
2016-12-28,28.1,77.0,0.5499999999999999,2.5,290.0,7.0
2016-12-29,27.6,78.0,0.3999999999999999,3.2,260.0,5.0
2016-12-30,27.6,79.0,0.25,3.6,260.0,4.0
2016-12-31,29.0,76.0,0.1,7.1,260.0,5.0
2017-01-01,24.9,94.0,6.0,0.5,260.0,5.0
2017-01-02,26.2,85.0,19.0,1.5,270.0,4.0
2017-01-03,25.0,88.0,0.5,0.6,260.0,5.0
2017-01-04,26.5,85.0,20.0,4.9,250.0,6.0
2017-01-05,27.2,83.0,16.5,6.9,260.0,7.0
2017-01-06,27.0,85.0,13.0,6.2,260.0,4.0
2017-01-07,26.7375,86.125,12.125,5.4875,240.0,3.25
2017-01-08,26.475,87.25,11.25,4.775,220.0,2.5
2017-01-09,26.2125,88.375,10.375,4.0625,200.0,1.75
2017-01-10,25.95,89.5,9.5,3.35,180.0,1.0
2017-01-11,25.902272727272727,89.70454545454545,9.340909090909092,3.2204545454545457,183.63636363636363,1.1818181818181819
2017-01-12,25.854545454545455,89.9090909090909,9.181818181818182,3.090909090909091,187.27272727272728,1.3636363636363638
2017-01-13,25.80681818181818,90.11363636363636,9.022727272727273,2.9613636363636364,190.9090909090909,1.5454545454545454
2017-01-14,25.759090909090908,90.31818181818181,8.863636363636363,2.831818181818182,194.54545454545453,1.7272727272727273
2017-01-15,25.711363636363636,90.52272727272727,8.704545454545455,2.702272727272727,198.1818181818182,1.9090909090909092
2017-01-16,25.663636363636364,90.72727272727273,8.545454545454545,2.5727272727272728,201.8181818181818,2.090909090909091
2017-01-17,25.61590909090909,90.93181818181819,8.386363636363637,2.4431818181818183,205.45454545454544,2.2727272727272725
2017-01-18,25.568181818181817,91.13636363636364,8.227272727272727,2.3136363636363635,209.0909090909091,2.4545454545454546
2017-01-19,25.520454545454545,91.3409090909091,8.068181818181818,2.184090909090909,212.72727272727272,2.6363636363636367
2017-01-20,25.472727272727273,91.54545454545455,7.909090909090909,2.0545454545454547,216.36363636363637,2.8181818181818183
2017-01-21,25.424999999999997,91.75,7.75,1.925,220.0,3.0
2017-01-22,25.377272727272725,91.95454545454545,7.590909090909091,1.7954545454545454,223.63636363636363,3.1818181818181817
2017-01-23,25.329545454545453,92.1590909090909,7.431818181818182,1.665909090909091,227.27272727272728,3.3636363636363638
2017-01-24,25.28181818181818,92.36363636363636,7.272727272727273,1.5363636363636364,230.9090909090909,3.5454545454545454
2017-01-25,25.23409090909091,92.56818181818181,7.113636363636363,1.406818181818182,234.54545454545456,3.7272727272727275
2017-01-26,25.186363636363634,92.77272727272727,6.954545454545455,1.2772727272727273,238.1818181818182,3.909090909090909
2017-01-27,25.138636363636362,92.97727272727273,6.795454545454545,1.147727272727273,241.8181818181818,4.090909090909091
2017-01-28,25.09090909090909,93.18181818181819,6.636363636363637,1.018181818181818,245.45454545454544,4.272727272727273
2017-01-29,25.043181818181818,93.38636363636364,6.4772727272727275,0.8886363636363637,249.0909090909091,4.454545454545455
2017-01-30,24.995454545454542,93.5909090909091,6.318181818181818,0.7590909090909093,252.72727272727272,4.636363636363637
2017-01-31,24.94772727272727,93.79545454545455,6.159090909090909,0.6295454545454544,256.3636363636364,4.818181818181818
2017-02-01,24.9,94.0,6.0,0.5,260.0,5.0
2017-02-02,26.2,85.0,19.0,1.5,270.0,4.0
2017-02-03,25.0,88.0,0.5,0.6,260.0,5.0
2017-02-04,26.5,85.0,20.0,4.9,250.0,6.0
2017-02-05,27.2,83.0,15.3,6.9,20.0,7.0
2017-02-06,27.0,85.0,10.6,6.2,260.0,6.0
2017-02-07,29.8,78.0,5.899999999999999,2.8,260.0,5.0
2017-02-08,27.4,86.0,1.2,4.3,230.0,5.0
2017-02-09,25.5,90.0,17.849999999999998,0.2,220.0,4.0
2017-02-10,25.3,93.0,34.5,0.0,260.0,4.0
2017-02-11,25.4,92.0,8.5,0.1,270.0,5.0
2017-02-12,26.0,91.0,29.0,1.0,270.0,5.0
2017-02-13,26.6,84.0,15.0,7.1,280.0,6.0
2017-02-14,26.1,89.0,39.5,1.0,260.0,4.0
2017-02-15,26.5,84.0,15.7,7.3,260.0,6.0
2017-02-16,26.7,84.0,2.0,4.4,270.0,4.0
2017-02-17,27.1,82.0,13.5,5.7,270.0,5.0
2017-02-18,26.7,86.0,10.4,1.3,270.0,4.0
2017-02-19,26.3,93.0,7.3,0.0,270.0,3.0
2017-02-20,25.8,93.0,17.8,0.0,4.0,3.5
2017-02-21,25.5,90.0,73.8,2.1,260.0,4.0
2017-02-22,27.2,84.0,9.4,7.2,270.0,2.0
2017-02-23,26.5,88.0,2.0,5.1,250.0,6.0
2017-02-24,26.8,85.0,31.0,3.5,270.0,3.0
2017-02-25,27.0,83.0,36.3,3.1,230.0,5.0
2017-02-26,27.7,81.0,41.6,6.9,170.0,4.0
2017-02-27,27.5,84.0,3.4,4.5,270.0,4.0
2017-02-28,28.2,80.0,10.8,1.7,270.0,2.0
2017-03-01,27.1,84.0,18.2,3.8,260.0,4.0
2017-03-02,25.8,92.0,25.6,6.3,260.0,5.0
2017-03-03,27.0,89.0,33.0,6.0,270.0,5.0
2017-03-04,26.7,85.0,30.7,5.0,240.0,4.0
2017-03-05,27.4,83.0,1.5,7.0,230.0,3.0
2017-03-06,27.0,87.0,10.15,2.6,250.0,2.0
2017-03-07,25.8,90.0,18.8,2.6,240.0,2.0
2017-03-08,27.6,82.0,30.5,1.7,270.0,1.0
2017-03-09,27.6,80.0,33.15,5.2,280.0,1.0
2017-03-10,26.9,84.0,35.8,3.2,40.0,1.0
2017-03-11,27.9,82.0,38.45,6.2,270.0,1.0
2017-03-12,28.5,75.0,41.1,7.7,260.0,2.0
2017-03-13,28.7,72.0,43.75,6.1,240.0,2.0
2017-03-14,28.7,73.0,46.4,7.9,250.0,1.0
2017-03-15,29.0,71.0,49.05,2.1,240.0,3.0
2017-03-16,28.0,80.0,51.7,6.1,60.0,1.0
2017-03-17,27.5,85.0,54.35,3.5,240.0,1.0
2017-03-18,26.7,84.0,57.0,0.2,240.0,2.0
2017-03-19,27.5,80.0,3.6,0.2,240.0,2.0
2017-03-20,26.4,88.0,13.3,6.5,230.0,2.0
2017-03-21,27.4,85.0,23.0,2.6,220.0,1.0
2017-03-22,26.7,88.0,37.0,2.9,260.0,1.0
2017-03-23,26.933333333333334,87.66666666666667,39.5,1.0,0.0,0.0
2017-03-24,27.166666666666664,87.33333333333333,8.9,0.3,290.0,1.0
2017-03-25,27.4,87.0,5.5,0.7,140.0,1.0
2017-03-26,26.0,92.0,2.1,0.8,240.0,1.0
2017-03-27,26.433333333333334,89.33333333333333,29.5,7.1,260.0,2.0
2017-03-28,26.866666666666667,86.66666666666667,19.866666666666667,7.7,290.0,1.0
2017-03-29,27.3,84.0,10.233333333333334,8.6,200.0,1.0
2017-03-30,27.7,82.0,0.6,5.5,260.0,3.0
2017-03-31,27.0,85.0,0.3,7.4,280.0,2.0
2017-04-01,27.0,85.0,0.0,4.5,110.0,2.0
2017-04-02,27.3,88.0,3.7,4.5,260.0,1.0
2017-04-03,26.6,88.0,4.8,4.3,180.0,2.0
2017-04-04,26.8,85.0,57.0,4.9,190.0,2.0
2017-04-05,27.3,82.0,6.0,5.6,260.0,3.0
2017-04-06,27.6,83.0,4.666666666666667,5.9,240.0,4.0
2017-04-07,27.4,83.0,3.333333333333333,1.4,240.0,3.0
2017-04-08,26.4,83.0,2.0,2.0,240.0,3.0
2017-04-09,28.1,77.0,0.0,5.8,230.0,3.0
2017-04-10,28.7,75.0,3.9,7.0,230.0,5.0
2017-04-11,27.5,86.0,6.0,3.5,120.0,1.0
2017-04-12,27.8,82.0,47.8,4.0,260.0,5.0
2017-04-13,27.7,86.0,10.6,2.6,90.0,4.0
2017-04-14,28.3,81.0,5.3,5.1,80.0,4.0
2017-04-15,27.8,80.0,0.0,4.9,180.0,4.0
2017-04-16,27.4,80.0,2.8,1.8,260.0,4.0
2017-04-17,28.0,79.0,0.0,4.3,180.0,3.0
2017-04-18,27.5,84.0,0.0,4.1,130.0,3.0
2017-04-19,26.9,84.0,0.0,4.7,170.0,3.0
2017-04-20,28.1,78.0,17.8,4.4,70.0,4.0
2017-04-21,28.8,65.0,48.0,0.5,6.0,4.333333333333333
2017-04-22,27.5,86.0,2.6,4.5,260.0,4.666666666666667
2017-04-23,27.5,83.0,9.8,2.7,150.0,5.0
2017-04-24,27.8,80.0,9.9,5.3,90.0,4.0
2017-04-25,27.2,86.0,10.0,7.4,80.0,2.0
2017-04-26,26.1,88.0,57.8,0.6,180.0,3.0
2017-04-27,27.4,84.0,55.9,4.6,240.0,4.0
2017-04-28,27.1,82.0,33.0,6.5,230.0,5.0
2017-04-29,28.1,73.0,0.0,4.7,260.0,5.0
2017-04-30,27.5,76.0,0.2,3.6,230.0,4.0
2017-05-01,28.1,84.0,4.1,0.6,170.0,4.0
2017-05-02,27.6,84.0,0.3,5.1,160.0,2.0
2017-05-03,29.0,82.0,2.3,4.5,270.0,4.0
2017-05-04,27.0,85.0,4.3,4.0,90.0,3.0
2017-05-05,27.7,83.0,1.2,4.0,90.0,4.0
2017-05-06,26.1,89.0,6.4,0.6,80.0,4.0
2017-05-07,25.1,94.0,58.0,3.3,90.0,4.0
2017-05-08,26.9,83.0,17.0,4.1,60.0,4.0
2017-05-09,27.2,85.0,1.7,3.1,80.0,5.0
2017-05-10,27.2,83.0,0.7,0.8,180.0,2.0
2017-05-11,27.4,81.0,1.3624999999999998,1.1,260.0,3.0
2017-05-12,27.8,81.0,2.025,6.6,130.0,4.0
2017-05-13,28.7,78.0,2.6875,5.6,60.0,4.0
2017-05-14,29.4,73.0,3.35,4.6,220.0,2.0
2017-05-15,29.3,74.0,4.0125,5.4,90.0,3.0
2017-05-16,29.4,75.0,4.675,6.3,270.0,5.0
2017-05-17,29.8,76.0,5.3375,4.7,240.0,2.0
2017-05-18,28.4,81.0,6.0,5.0,50.0,0.0
2017-05-19,28.8,79.0,35.2,6.5,260.0,1.0
2017-05-20,28.6,84.0,31.880000000000003,6.1,130.0,2.0
2017-05-21,29.0,81.0,28.56,3.0,250.0,1.0
2017-05-22,29.5,74.0,25.24,6.6,230.0,1.0
2017-05-23,29.1,75.0,21.92,7.1,70.0,1.0
2017-05-24,29.1,78.0,18.6,5.8,90.0,4.0
2017-05-25,29.1,72.0,15.28,5.2,80.0,4.0
2017-05-26,28.7,72.0,11.96,5.2,180.0,3.0
2017-05-27,29.5,72.0,8.64,3.1,50.0,5.0
2017-05-28,28.1,82.0,5.32,0.6,50.0,4.0
2017-05-29,26.6,88.0,2.0,0.1,80.0,4.0
2017-05-30,27.3,84.0,16.1,3.4,80.0,6.0
2017-05-31,28.7,76.0,1.4,3.7,90.0,5.0
2017-06-01,27.6,78.0,0.7999999999999999,2.7,250.0,6.0
2017-06-02,27.7,80.0,0.2,0.4,90.0,4.0
2017-06-03,28.2,79.0,0.6666666666666667,2.9,170.0,4.0
2017-06-04,28.3,79.0,1.1333333333333335,3.6,230.0,4.0
2017-06-05,28.2,80.0,1.6,5.1,130.0,3.0
2017-06-06,27.9,78.0,33.0,7.1,80.0,3.0
2017-06-07,29.0,78.0,27.616666666666667,5.7,80.0,5.0
2017-06-08,28.4,74.0,22.23333333333333,7.3,90.0,4.0
2017-06-09,28.9,74.0,16.85,6.5,90.0,5.0
2017-06-10,28.7,78.0,11.466666666666669,5.3,170.0,3.0
2017-06-11,27.5,80.0,6.083333333333336,1.8,40.0,4.0
2017-06-12,29.0,76.0,0.7,5.1,40.0,5.0
2017-06-13,27.7,80.0,8.799999999999999,4.5,180.0,4.0
2017-06-14,27.2,82.0,16.9,4.2,50.0,4.0
2017-06-15,27.7,85.0,8.95,4.0,60.0,4.0
2017-06-16,28.8,75.0,1.0,7.7,90.0,6.0
2017-06-17,28.2,78.0,11.333333333333334,7.8,100.0,4.0
2017-06-18,28.3,74.0,21.666666666666668,4.8,170.0,3.0
2017-06-19,27.7,70.0,32.0,5.3,160.0,3.0
2017-06-20,27.4,76.0,0.4,3.9,90.0,4.0
2017-06-21,27.6,76.0,0.4,3.4,290.0,1.0
2017-06-22,27.4,81.0,0.4,5.4,70.0,1.0
2017-06-23,27.6,80.0,0.4,0.6,90.0,5.0
2017-06-24,27.1,82.0,0.4,3.2500000000000004,100.0,1.0
2017-06-25,27.7,77.0,0.65,5.9,90.0,2.0
2017-06-26,27.4,80.0,0.9,3.6,80.0,2.0
2017-06-27,26.8,83.0,13.8,5.1,60.0,1.0
2017-06-28,27.7,82.0,7.0,6.9,60.0,5.0
2017-06-29,27.7,80.0,0.2,8.7,60.0,1.0
2017-06-30,26.1,88.0,5.8,1.6,180.0,4.0
2017-07-01,27.3,77.0,13.9,7.3,6.0,5.0
2017-07-02,28.3,77.0,15.914285714285716,7.4,80.0,5.0
2017-07-03,28.5,76.0,17.92857142857143,4.6,90.0,4.0
2017-07-04,28.6,77.0,19.942857142857143,6.5,80.0,4.0
2017-07-05,28.8,74.0,21.957142857142856,4.8,220.0,6.0
2017-07-06,28.0,75.0,23.97142857142857,3.1,270.0,3.0
2017-07-07,27.2,83.0,25.985714285714288,3.7,100.0,3.0
2017-07-08,27.7,78.0,28.0,4.8,280.0,3.0
2017-07-09,27.7,80.0,32.0,4.6,270.0,4.0
2017-07-10,26.6,88.0,36.0,5.0,270.0,4.0
2017-07-11,27.5,78.0,27.3,3.1,80.0,3.0
2017-07-12,26.8,84.0,18.6,3.8,180.0,3.0
2017-07-13,27.8,78.0,0.1,1.4,60.0,3.0
2017-07-14,27.8,75.0,1.275,2.3,60.0,3.0
2017-07-15,28.0,70.0,2.45,0.0,60.0,4.0
2017-07-16,27.1,76.0,3.625,1.4,70.0,3.0
2017-07-17,27.2,65.0,4.8,7.0,90.0,5.0
2017-07-18,27.1,76.0,5.975,0.7,170.0,3.0
2017-07-19,27.5,79.0,7.15,2.9,250.0,3.0
2017-07-20,26.9,84.0,8.325,3.9,100.0,3.0
2017-07-21,27.6,82.0,9.5,5.5,190.0,4.0
2017-07-22,28.3,78.0,1.2,5.8,0.0,5.0
2017-07-23,27.3,84.0,1.0666666666666669,2.6,150.0,3.0
2017-07-24,28.1,78.0,0.9333333333333332,4.4,150.0,3.0
2017-07-25,28.1,70.0,0.8,7.4,170.0,3.0
2017-07-26,28.2,66.0,4.04,7.3,80.0,4.0
2017-07-27,28.9,66.0,7.279999999999999,6.1,170.0,4.0
2017-07-28,28.6,72.0,10.52,5.0,60.0,4.0
2017-07-29,27.2,85.0,13.76,4.2,180.0,3.0
2017-07-30,27.5,82.0,17.0,5.9,140.0,3.0
2017-07-31,28.2,81.0,5.0,4.3,140.0,3.0
2017-08-01,27.7,62.0,4.95,5.6,190.0,4.0
2017-08-02,28.1,63.0,4.9,7.7,180.0,5.0
2017-08-03,28.0,66.0,4.85,7.9,80.0,4.0
2017-08-04,27.3,68.0,4.8,7.9,80.0,4.0
2017-08-05,27.9,68.0,4.75,3.9,130.0,3.0
2017-08-06,28.9,71.0,4.7,6.3,130.0,4.0
2017-08-07,28.5,72.0,4.65,6.7,90.0,7.0
2017-08-08,27.8,76.0,4.6,7.1,180.0,7.0
2017-08-09,28.2,76.0,4.55,2.5,270.0,4.0
2017-08-10,27.2,81.0,4.5,3.0,200.0,3.0
2017-08-11,28.0,78.0,0.5,4.7,140.0,4.0
2017-08-12,28.9,77.0,1.875,5.0,90.0,4.0
2017-08-13,28.1,79.0,3.25,2.0,260.0,4.0
2017-08-14,27.8,81.0,4.625,3.4,130.0,4.0
2017-08-15,27.7,74.0,6.0,3.6,140.0,3.0
2017-08-16,27.8,61.0,0.8,7.2,180.0,4.0
2017-08-17,28.5,68.0,1.0285714285714287,2.9,220.0,4.0
2017-08-18,28.6,66.0,1.2571428571428571,2.3,80.0,4.0
2017-08-19,29.1,65.0,1.4857142857142858,5.8,60.0,5.0
2017-08-20,28.5,72.0,1.7142857142857144,3.4,90.0,3.0
2017-08-21,28.8,70.0,1.942857142857143,5.8,80.0,5.0
2017-08-22,27.9,72.0,2.171428571428572,4.0,170.0,3.0
2017-08-23,28.1,66.0,2.4000000000000004,6.2,90.0,4.0
2017-08-24,28.8,62.0,2.628571428571429,6.4,60.0,7.0
2017-08-25,28.8,62.0,2.8571428571428577,5.9,90.0,7.0
2017-08-26,28.9,60.0,3.0857142857142863,5.0,70.0,7.0
2017-08-27,28.2,62.0,3.314285714285715,7.4,90.0,6.5
2017-08-28,28.1,64.0,3.5428571428571427,5.8,80.0,6.0
2017-08-29,27.7,74.0,3.7714285714285714,2.7,140.0,4.0
2017-08-30,27.2,80.0,4.0,7.5,80.0,4.0
2017-08-31,28.6,74.0,2.0,6.7,80.0,5.0
2017-09-01,28.6,67.0,0.0,5.0,170.0,4.0
2017-09-02,27.9,70.0,0.0,5.4,180.0,4.0
2017-09-03,28.6,66.0,0.0,7.0,30.0,2.0
2017-09-04,28.8,68.0,19.1,4.9,170.0,3.0
2017-09-05,28.9,72.0,38.2,2.6,200.0,4.0
2017-09-06,27.0,83.0,57.3,4.8,90.0,2.0
2017-09-07,28.1,71.0,47.94,7.8,80.0,5.0
2017-09-08,28.4,68.0,38.58,7.2,80.0,5.0
2017-09-09,28.9,70.0,29.22,8.0,190.0,5.0
2017-09-10,29.0,72.0,19.86,7.3,190.0,4.0
2017-09-11,28.3,76.0,10.5,6.2,190.0,4.0
2017-09-12,28.6,74.0,16.444444444444443,6.2,180.0,4.0
2017-09-13,28.0,69.0,22.38888888888889,7.1,90.0,6.0
2017-09-14,28.5,74.0,28.333333333333336,6.9,90.0,3.0
2017-09-15,29.1,73.0,34.27777777777778,7.7,180.0,4.0
2017-09-16,29.6,65.0,40.22222222222222,7.0,60.0,6.0
2017-09-17,29.8,64.0,46.16666666666667,7.2,80.0,6.0
2017-09-18,29.1,67.0,52.11111111111112,8.0,80.0,5.0
2017-09-19,29.4,70.0,58.05555555555556,7.3,80.0,4.0
2017-09-20,28.3,72.0,64.0,6.2,180.0,6.0
2017-09-21,27.8,74.0,1.2,7.1,170.0,4.0
2017-09-22,28.0,70.0,2.66,8.0,90.0,3.0
2017-09-23,28.6,70.0,4.12,6.7,190.0,4.0
2017-09-24,26.9,80.0,5.58,1.4,90.0,4.0
2017-09-25,27.6,78.0,7.04,3.0,190.0,4.0
2017-09-26,28.3,78.0,8.5,1.1,80.0,4.0
2017-09-27,24.9,92.0,33.0,0.0,180.0,3.0
2017-09-28,27.7,84.0,17.2,4.7,80.0,4.0
2017-09-29,27.8,84.0,5.1,2.5,130.0,6.0
2017-09-30,28.5,78.0,15.0,4.1,280.0,5.0
2017-10-01,27.5,82.0,0.0,3.5,100.0,4.0
2017-10-02,27.6,84.0,14.5,2.5,120.0,4.0
2017-10-03,27.1,84.0,17.3,2.5,0.0,0.0
2017-10-04,27.7,81.0,30.5,5.8,70.0,2.5
2017-10-05,28.8,72.0,0.0,6.7,70.0,5.0
2017-10-06,29.6,76.0,0.0,5.8,90.0,5.0
2017-10-07,28.6,71.0,0.0,5.5,180.0,5.0
2017-10-08,29.1,74.0,0.2,5.0,90.0,5.0
2017-10-09,25.9,87.0,0.0,0.4,80.0,5.0
2017-10-10,27.7,86.0,46.2,0.3,70.0,3.0
2017-10-11,28.9,78.0,0.0,5.9,260.0,5.0
2017-10-12,26.4,89.0,1.3,6.5,180.0,2.0
2017-10-13,27.1,83.0,14.8,6.5,250.0,3.0
2017-10-14,28.9,79.0,3.5,5.5,180.0,4.0
2017-10-15,29.6,67.0,0.0,3.4,180.0,5.0
2017-10-16,27.2,85.0,0.0,2.5,220.0,4.0
2017-10-17,27.8,79.0,29.8,2.7,140.0,3.0
2017-10-18,28.4,79.0,0.0,2.5,220.0,5.0
2017-10-19,27.1,86.0,10.3,1.8,140.0,3.0
2017-10-20,28.7,76.0,25.2,5.5,180.0,4.0
2017-10-21,29.5,73.0,0.0,5.9,90.0,2.0
2017-10-22,30.1,68.0,0.0,6.2,100.0,4.0
2017-10-23,27.7,69.0,0.4,5.3,190.0,5.0
2017-10-24,28.2,74.0,30.6,7.2,260.0,5.0
2017-10-25,27.8,80.0,19.0,4.6,100.0,3.0
2017-10-26,28.9,76.0,0.0,5.3,230.0,4.0
2017-10-27,27.9,78.0,0.0,4.3,180.0,4.0
2017-10-28,27.6,82.0,14.6,1.6,270.0,3.0
2017-10-29,26.8,83.0,29.2,2.1,260.0,4.0
2017-10-30,28.2,78.0,11.0,5.7,180.0,4.0
2017-10-31,29.1,72.0,1.0,4.7,270.0,5.0
2017-11-01,28.9,72.0,1.0,7.1,100.0,4.0
2017-11-02,28.7,77.0,2.5,4.9,240.0,3.0
2017-11-03,29.6,72.0,4.0,2.2,180.0,4.0
2017-11-04,28.9,76.0,5.5,5.8,230.0,4.0
2017-11-05,29.1,76.0,7.0,3.8,60.0,3.0
2017-11-06,27.6,86.0,8.75,3.8,90.0,4.0
2017-11-07,27.3,85.0,10.5,0.0,60.0,3.0
2017-11-08,27.8,81.0,23.866666666666667,3.6,270.0,4.0
2017-11-09,26.7,89.0,37.23333333333333,1.5,270.0,3.0
2017-11-10,27.2,82.0,50.6,6.6,180.0,4.0
2017-11-11,28.3,76.0,60.46666666666667,5.0,180.0,3.0
2017-11-12,27.9,82.0,70.33333333333334,6.2,250.0,3.0
2017-11-13,27.1,86.0,80.2,1.7,100.0,4.0
2017-11-14,27.3,87.0,7.3,1.7,200.0,4.0
2017-11-15,28.0,84.0,3.9,0.6,270.0,2.0
2017-11-16,26.8,86.0,28.45,3.6,140.0,3.0
2017-11-17,27.5,84.0,53.0,5.5,260.0,4.0
2017-11-18,27.2,86.0,0.7,0.7,80.0,3.0
2017-11-19,26.9,88.0,5.1,0.0,140.0,4.0
2017-11-20,28.6,76.0,8.4,7.0,230.0,4.0
2017-11-21,27.3,80.0,29.950000000000003,1.1,180.0,3.0
2017-11-22,27.8,86.0,51.5,4.5,270.0,7.0
2017-11-23,28.8,79.0,46.3,5.7,270.0,6.0
2017-11-24,28.6,74.0,37.35,6.8,260.0,7.0
2017-11-25,28.5,78.0,28.4,4.7,260.0,6.333333333333333
2017-11-26,26.0,90.0,19.45,1.1,260.0,5.666666666666667
2017-11-27,25.8,90.0,10.5,0.0,220.0,5.0
2017-11-28,26.1,85.0,7.5,1.4,250.0,5.0
2017-11-29,28.0,78.0,11.85,1.7,230.0,5.0
2017-11-30,25.3,92.0,16.2,0.2,270.0,6.0
2017-12-01,26.4,84.0,21.5,0.6,230.0,6.5
2017-12-02,28.3,75.0,24.6625,3.0,250.0,7.0
2017-12-03,28.5,77.0,27.825,8.0,260.0,7.0
2017-12-04,29.0,74.0,30.9875,6.4,260.0,6.0
2017-12-05,28.6,70.0,34.15,3.8,230.0,5.0
2017-12-06,29.2,67.0,37.3125,6.7,260.0,6.0
2017-12-07,29.2,72.0,40.475,6.3,260.0,6.0
2017-12-08,29.3,75.0,43.6375,4.2,270.0,6.0
2017-12-09,28.3,78.0,46.8,6.8,270.0,7.0
2017-12-10,27.9,82.0,24.0,2.6,250.0,6.0
2017-12-11,26.9,86.0,1.2,0.9,260.0,6.0
2017-12-12,27.1,88.0,33.1,1.0,260.0,4.0
2017-12-13,26.8,84.0,10.1,0.0,260.0,4.0
2017-12-14,26.6,86.0,0.2,0.0,250.0,4.0
2017-12-15,28.0,77.0,23.2,4.3,230.0,5.0
2017-12-16,25.3,93.0,46.2,0.5,200.0,6.0
2017-12-17,26.3,88.0,69.2,0.5,260.0,7.0
2017-12-18,26.9,83.0,0.8,2.4,260.0,5.0
2017-12-19,27.1,83.0,9.2,1.2,260.0,5.0
2017-12-20,25.0,96.0,5.2,0.0,270.0,5.0
2017-12-21,25.0,94.0,17.0,0.1,260.0,3.0
2017-12-22,27.4,82.0,14.0,6.5,260.0,6.0
2017-12-23,27.4,78.0,12.416666666666666,1.8,260.0,6.0
2017-12-24,28.2,74.0,10.833333333333334,7.1,260.0,7.0
2017-12-25,28.1,70.0,9.25,8.0,250.0,7.0
2017-12-26,28.6,73.0,7.666666666666667,6.0,260.0,7.0
2017-12-27,28.1,80.0,6.083333333333334,0.3,260.0,5.0
2017-12-28,27.4,79.0,4.5,1.4,260.0,5.0
2017-12-29,28.2,72.0,3.533333333333333,2.5,280.0,4.0
2017-12-30,28.4,78.0,2.5666666666666664,0.0,270.0,4.0
2017-12-31,27.8,85.0,1.6,5.5,260.0,4.0
2018-01-01,28.1,80.0,21.3,8.0,240.0,5.0
2018-01-02,29.7,75.0,16.05,6.9,250.0,6.0
2018-01-03,28.3,78.0,10.8,4.3,280.0,7.0
2018-01-04,29.0,76.0,5.550000000000001,4.8,230.0,6.0
2018-01-05,27.8,72.0,0.3,1.8,250.0,6.5
2018-01-06,28.3,74.0,0.3,2.1,230.0,7.0
2018-01-07,27.9,78.0,0.3,0.0,260.0,4.0
2018-01-08,28.7,77.0,0.3,2.5,260.0,5.0
2018-01-09,28.3,80.0,0.3,4.3,190.0,4.0
2018-01-10,30.0,70.0,0.3,5.1,220.0,4.0
2018-01-11,27.1,77.0,0.3,0.7,260.0,6.0
2018-01-12,27.9,68.0,0.2,1.1,260.0,6.0
2018-01-13,27.9,81.0,1.5,3.8,260.0,6.0
2018-01-14,25.6,87.0,12.2,3.4,270.0,5.0
2018-01-15,24.4,93.0,9.7,1.7,230.0,5.0
2018-01-16,26.6,76.0,19.3,2.1,260.0,4.0
2018-01-17,25.9,87.0,10.8,0.0,220.0,3.0
2018-01-18,25.1,92.0,2.3,0.0,220.0,2.0
2018-01-19,26.1,84.0,6.0,0.0,250.0,7.0
2018-01-20,26.5,84.0,1.3,2.0,230.0,7.0
2018-01-21,27.0,82.0,6.2,0.7,250.0,5.0
2018-01-22,25.6,89.0,4.5,0.0,260.0,6.0
2018-01-23,26.7,84.0,1.5,3.6,260.0,7.0
2018-01-24,27.1,84.0,7.8,4.4,260.0,5.0
2018-01-25,25.8,85.0,26.0,0.1,230.0,6.0
2018-01-26,26.9,83.0,15.1,1.6,260.0,7.0
2018-01-27,28.0,76.0,4.2,1.9,260.0,6.0
2018-01-28,25.2,90.0,1.3,0.8,260.0,6.0
2018-01-29,25.8,86.0,7.6,3.4,240.0,7.0
2018-01-30,26.0,90.0,10.7,5.9,260.0,6.0
2018-01-31,26.9,84.0,4.4,1.8,250.0,5.0
2018-02-01,27.4,86.0,3.0,1.8,290.0,1.0
2018-02-02,27.6,83.0,20.6,3.3,280.0,2.0
2018-02-03,27.1,86.0,10.95,6.3,270.0,2.0
2018-02-04,27.4,85.0,1.3,4.4,260.0,2.0
2018-02-05,25.0,92.0,19.1,4.8,250.0,2.0
2018-02-06,24.9,92.0,16.9,0.5,230.0,2.0
2018-02-07,25.4,91.0,11.3,2.9,250.0,1.0
2018-02-08,25.6,93.0,1.7,1.2,250.0,2.0
2018-02-09,25.9,91.0,38.3,1.4,260.0,2.0
2018-02-10,27.0,86.0,7.7,5.4,280.0,3.0
2018-02-11,26.2,89.0,0.4,9.8,280.0,3.0
2018-02-12,26.8,84.0,1.0499999999999998,0.8,270.0,3.0
2018-02-13,26.8,87.0,1.7,4.9,220.0,1.0
2018-02-14,26.1,87.0,0.5,0.7,270.0,1.0
2018-02-15,25.4,92.0,1.4,0.6,240.0,2.0
2018-02-16,26.9,81.0,24.7,0.0,270.0,2.0
2018-02-17,27.6,76.0,13.35,5.1,270.0,2.0
2018-02-18,26.9,83.0,2.0,1.6,240.0,2.0
2018-02-19,25.7,93.0,0.4,6.0,280.0,2.0
2018-02-20,27.0,86.0,15.7,3.5,270.0,3.0
2018-02-21,26.9,87.0,16.25,6.9,260.0,2.0
2018-02-22,26.8,89.0,16.8,6.5,230.0,1.0
2018-02-23,27.3,86.0,8.4,2.2,250.0,2.0
2018-02-24,27.7,79.0,0.0,5.3,250.0,2.0
2018-02-25,27.6,84.0,16.6,8.2,250.0,2.0
2018-02-26,27.0,86.0,4.0,6.7,250.0,2.0
2018-02-27,27.5,85.0,32.0,2.5,270.0,2.0
2018-02-28,27.4,86.0,0.6,4.8,270.0,1.0
2018-03-01,27.3,85.0,2.1,2.4,0.0,0.0
2018-03-02,27.7,84.0,3.6,5.4,60.0,4.0
2018-03-03,26.7,90.0,15.65,2.9,170.0,4.0
2018-03-04,27.8,85.0,27.7,4.2,270.0,3.0
2018-03-05,27.3,85.0,15.35,2.4,270.0,3.0
2018-03-06,27.4,85.0,3.0,1.0,260.0,4.0
2018-03-07,26.8,87.0,0.1,5.7,260.0,7.0
2018-03-08,26.8,89.0,34.2,2.8,260.0,5.0
2018-03-09,27.4,85.0,16.1,4.1,280.0,6.0
2018-03-10,27.6,83.0,10.7,5.0,270.0,5.0
2018-03-11,27.6,87.0,5.3,6.4,260.0,6.0
2018-03-12,27.2,85.0,26.2,1.3,260.0,5.0
2018-03-13,27.0,88.0,21.466666666666665,0.0,260.0,3.0
2018-03-14,26.8,86.0,16.733333333333334,5.7,270.0,3.0
2018-03-15,29.3,74.0,12.0,7.9,230.0,6.0
2018-03-16,27.6,82.0,13.05,4.9,180.0,4.0
2018-03-17,26.9,88.0,14.1,1.4,260.0,3.0
2018-03-18,27.2,80.0,2.3,6.6,230.0,3.0
2018-03-19,27.9,80.0,3.4,5.0,270.0,4.0
2018-03-20,27.0,84.0,13.0,5.5,260.0,6.0
2018-03-21,26.3,83.0,36.8,1.3,260.0,6.0
2018-03-22,26.3,84.0,23.2,2.3,260.0,3.0
2018-03-23,27.8,80.0,9.6,5.0,260.0,5.0
2018-03-24,26.1,87.0,9.9,0.3,230.0,4.0
2018-03-25,27.0,85.0,10.2,4.5,260.0,7.0
2018-03-26,27.7,83.0,10.5,5.8,260.0,5.0
2018-03-27,27.6,80.0,7.666666666666666,1.8,260.0,4.0
2018-03-28,27.2,84.0,4.833333333333333,4.8,150.0,5.0
2018-03-29,27.3,80.0,2.0,6.2,180.0,5.0
2018-03-30,27.8,78.0,9.0,7.2,270.0,5.0
2018-03-31,28.9,77.0,6.8,8.0,260.0,7.0
2018-04-01,28.4,78.0,4.6,5.6,260.0,5.0
2018-04-02,27.6,81.0,2.3999999999999995,4.3,250.0,5.0
2018-04-03,28.5,80.0,0.2,5.8,270.0,5.0
2018-04-04,28.3,79.0,6.5,7.3,180.0,4.0
2018-04-05,28.9,76.0,12.9,3.7,140.0,5.0
2018-04-06,28.9,76.0,19.3,4.8,180.0,4.0
2018-04-07,28.8,76.0,14.75,7.6,80.0,5.0
2018-04-08,27.2,82.0,10.2,3.8,90.0,5.0
2018-04-09,27.6,82.0,20.2,2.6,140.0,3.0
2018-04-10,28.7,73.0,1.5,6.4,80.0,5.0
2018-04-11,28.6,77.0,3.566666666666667,7.0,60.0,5.0
2018-04-12,29.6,73.0,5.633333333333334,3.9,80.0,5.0
2018-04-13,29.4,77.0,7.700000000000001,7.2,90.0,5.0
2018-04-14,29.2,80.0,9.766666666666667,2.6,90.0,4.0
2018-04-15,28.3,81.0,11.833333333333334,3.5,180.0,4.0
2018-04-16,28.5,79.0,13.9,3.3,40.0,4.0
2018-04-17,27.4,84.0,31.2,2.5,170.0,4.0
2018-04-18,26.8,88.0,18.4,2.6,270.0,2.0
2018-04-19,27.8,84.0,5.6,1.8,120.0,2.0
2018-04-20,26.6,87.0,34.1,3.0,170.0,3.0
2018-04-21,27.4,84.0,62.6,3.5,180.0,3.0
2018-04-22,27.3,85.0,0.4,3.4,120.0,4.0
2018-04-23,26.2,92.0,86.3,0.0,100.0,3.0
2018-04-24,27.0,88.0,10.2,0.0,90.0,4.0
2018-04-25,25.5,94.0,2.0,0.0,270.0,5.0
2018-04-26,25.8,91.0,3.5,0.5,100.0,4.0
2018-04-27,27.4,81.0,2.8,7.2,90.0,5.0
2018-04-28,28.1,80.0,7.0,3.4,280.0,4.0
2018-04-29,29.0,73.0,13.6,2.5,170.0,3.0
2018-04-30,28.2,77.0,20.2,7.7,80.0,4.0
2018-05-01,28.8,71.0,20.28095238095238,7.8,60.0,6.0
2018-05-02,28.5,71.0,20.36190476190476,5.5,90.0,4.0
2018-05-03,27.5,76.0,20.442857142857143,3.7,190.0,3.0
2018-05-04,27.6,81.0,20.52380952380952,2.2,290.0,3.0
2018-05-05,28.3,77.0,20.604761904761904,3.9,50.0,5.0
2018-05-06,29.2,70.0,20.685714285714283,6.9,80.0,6.0
2018-05-07,29.4,71.0,20.766666666666666,7.6,70.0,6.0
2018-05-08,29.3,74.0,20.847619047619048,6.8,90.0,3.0
2018-05-09,29.2,71.0,20.928571428571427,7.7,90.0,5.0
2018-05-10,30.0,66.0,21.00952380952381,5.0,80.0,5.0
2018-05-11,29.0,71.0,21.09047619047619,6.2,70.0,6.0
2018-05-12,28.5,71.0,21.17142857142857,7.5,80.0,4.0
2018-05-13,29.5,74.0,21.25238095238095,5.8,50.0,6.0
2018-05-14,29.6,68.0,21.33333333333333,3.8,40.0,4.0
2018-05-15,28.8,73.0,21.414285714285715,4.0,60.0,5.0
2018-05-16,29.1,74.0,21.495238095238093,1.5,50.0,5.0
2018-05-17,28.4,76.0,21.57619047619048,0.0,80.0,4.0
2018-05-18,28.7,80.0,21.65714285714285,4.4,50.0,4.0
2018-05-19,27.0,87.0,21.73809523809524,2.1,130.0,4.0
2018-05-20,27.4,82.0,21.819047619047616,1.0,80.0,4.0
2018-05-21,27.7,82.0,21.9,2.2,80.0,4.0
2018-05-22,29.0,74.0,11.15,5.9,80.0,6.0
2018-05-23,28.4,79.0,0.4,0.2,70.0,5.0
2018-05-24,28.5,78.0,7.0,5.5,80.0,5.0
2018-05-25,28.1,83.0,16.7,0.0,80.0,3.0
2018-05-26,29.2,77.0,26.4,3.5,90.0,4.0
2018-05-27,26.5,86.0,36.1,2.6,260.0,4.0
2018-05-28,28.2,86.0,45.8,4.7,260.0,3.0
2018-05-29,28.5,77.0,3.6,6.9,50.0,5.0
2018-05-30,28.0,78.0,3.28,2.6,90.0,3.0
2018-05-31,28.3,75.0,2.96,3.7,90.0,4.0
2018-06-01,28.1,70.0,2.64,8.0,260.0,6.0
2018-06-02,27.4,77.0,2.3200000000000003,3.4,100.0,4.0
2018-06-03,28.7,78.0,2.0,1.0,180.0,5.0
2018-06-04,28.8,77.0,4.45,0.0,130.0,5.0
2018-06-05,29.2,78.0,6.9,5.5,100.0,3.0
2018-06-06,29.1,77.0,9.35,5.7,180.0,4.0
2018-06-07,28.8,78.0,11.8,2.9,100.0,4.0
2018-06-08,28.2,78.0,14.25,0.0,270.0,5.0
2018-06-09,28.6,77.0,16.700000000000003,4.3,80.0,3.0
2018-06-10,28.7,79.0,19.15,3.2,250.0,3.0
2018-06-11,29.3,72.0,21.6,5.0,50.0,5.0
2018-06-12,27.8,80.0,24.05,1.4,190.0,2.0
2018-06-13,28.2,78.0,26.5,3.1,100.0,5.0
2018-06-14,28.4,75.0,7.3,5.7,180.0,3.0
2018-06-15,27.8,81.0,3.2,1.5,230.0,3.0
2018-06-16,28.3,77.0,0.2,4.6,90.0,3.0
2018-06-17,29.0,72.0,1.1,3.0,90.0,4.0
2018-06-18,28.4,71.0,2.0,4.9,90.0,6.0
2018-06-19,28.2,68.0,2.9000000000000004,4.4,100.0,3.0
2018-06-20,29.2,67.0,3.8,2.8,80.0,6.0
2018-06-21,29.3,68.0,4.7,2.4,80.0,5.0
2018-06-22,28.4,74.0,5.6000000000000005,2.2,70.0,5.0
2018-06-23,28.9,71.0,6.5,1.4,90.0,4.0
2018-06-24,27.0,80.0,7.4,2.8,250.0,5.0
2018-06-25,24.3,90.0,5.0,0.0,180.0,3.0
2018-06-26,25.3,85.0,6.8,0.0,220.0,4.0
2018-06-27,27.2,75.0,21.2,2.7,90.0,2.0
2018-06-28,27.1,80.0,20.442307692307693,3.8,230.0,3.0
2018-06-29,26.9,82.0,19.684615384615384,0.3,260.0,4.0
2018-06-30,27.9,75.0,18.926923076923075,5.1,14.0,3.0
2018-07-01,27.7,74.0,18.16923076923077,5.5,60.0,4.0
2018-07-02,27.8,75.0,17.411538461538463,6.9,60.0,5.0
2018-07-03,27.9,75.0,16.653846153846153,6.7,190.0,4.0
2018-07-04,27.8,71.0,15.896153846153846,3.6,170.0,2.0
2018-07-05,27.7,68.0,15.138461538461538,6.4,180.0,3.0
2018-07-06,26.9,64.0,14.38076923076923,8.0,180.0,4.0
2018-07-07,27.3,60.0,13.623076923076924,7.5,140.0,6.0
2018-07-08,28.0,67.0,12.865384615384617,6.7,50.0,4.0
2018-07-09,28.1,69.0,12.107692307692307,6.6,170.0,2.0
2018-07-10,28.5,71.0,11.35,1.5,90.0,3.0
2018-07-11,28.3,71.0,10.592307692307692,4.9,180.0,3.0
2018-07-12,27.2,65.0,9.834615384615384,5.0,180.0,2.0
2018-07-13,27.2,69.0,9.076923076923077,4.3,170.0,4.0
2018-07-14,27.4,71.0,8.319230769230769,4.8,220.0,4.0
2018-07-15,27.5,64.0,7.561538461538461,8.0,220.0,3.0
2018-07-16,27.7,62.0,6.803846153846154,5.7,180.0,4.0
2018-07-17,27.4,66.0,6.046153846153846,3.0,180.0,3.0
2018-07-18,27.6,68.0,5.288461538461538,7.4,230.0,2.0
2018-07-19,28.0,70.0,4.530769230769231,1.8,180.0,3.0
2018-07-20,28.3,74.0,3.7730769230769248,1.4,180.0,4.0
2018-07-21,28.9,70.0,3.0153846153846158,4.2,180.0,3.0
2018-07-22,28.9,72.0,2.257692307692306,4.8,180.0,3.0
2018-07-23,27.9,74.0,1.5,4.0,140.0,4.0
2018-07-24,28.6,75.0,1.73,5.5,180.0,4.0
2018-07-25,26.8,74.0,1.96,6.7,190.0,4.0
2018-07-26,26.6,68.0,2.19,8.0,170.0,5.0
2018-07-27,25.8,68.0,2.42,8.0,190.0,4.0
2018-07-28,25.6,69.0,2.65,6.5,230.0,3.0
2018-07-29,27.1,69.0,2.88,6.5,230.0,3.0
2018-07-30,27.0,70.0,3.11,6.1,100.0,3.0
2018-07-31,27.8,71.0,3.34,6.1,130.0,3.0
2018-08-01,28.2,71.0,3.57,2.5,190.0,3.0
2018-08-02,28.1,65.0,3.8,6.0,170.0,3.0
2018-08-03,27.1,64.0,3.488888888888889,7.0,180.0,4.0
2018-08-04,26.6,62.0,3.1777777777777776,6.6,180.0,3.0
2018-08-05,27.1,62.0,2.8666666666666663,7.4,230.0,6.0
2018-08-06,26.9,60.0,2.555555555555556,6.8,180.0,4.0
2018-08-07,27.7,63.0,2.2444444444444445,1.7,80.0,2.0
2018-08-08,27.4,69.0,1.933333333333333,2.1,40.0,3.0
2018-08-09,28.3,72.0,1.6222222222222218,5.1,140.0,4.0
2018-08-10,28.6,70.0,1.311111111111111,5.6,170.0,5.0
2018-08-11,27.9,68.0,1.0,3.8,90.0,3.0
2018-08-12,28.3,70.0,0.9555555555555556,3.8,90.0,4.0
2018-08-13,29.2,72.0,0.9111111111111112,6.1,90.0,5.0
2018-08-14,28.6,74.0,0.8666666666666667,4.5,90.0,5.0
2018-08-15,28.7,66.0,0.8222222222222222,6.7,50.0,4.0
2018-08-16,27.8,68.0,0.7777777777777778,5.6,170.0,4.0
2018-08-17,27.6,68.0,0.7333333333333334,7.0,100.0,4.0
2018-08-18,27.2,65.0,0.6888888888888889,6.8,90.0,4.0
2018-08-19,27.4,62.0,0.6444444444444444,8.0,90.0,5.0
2018-08-20,27.8,68.0,0.6,5.6,80.0,5.0
2018-08-21,28.8,68.0,0.5555555555555556,5.0,90.0,3.0
2018-08-22,29.0,68.0,0.5111111111111111,5.7,300.0,4.0
2018-08-23,28.3,71.0,0.4666666666666667,5.0,100.0,4.0
2018-08-24,28.4,68.0,0.4222222222222221,3.4,70.0,5.0
2018-08-25,28.6,70.0,0.3777777777777777,3.9,40.0,4.0
2018-08-26,28.2,68.0,0.3333333333333332,5.0,170.0,4.0
2018-08-27,28.9,69.0,0.2888888888888888,7.0,130.0,4.0
2018-08-28,29.0,68.0,0.2444444444444444,5.7,190.0,4.0
2018-08-29,28.3,73.0,0.2,3.2,90.0,4.0
2018-08-30,29.0,68.0,1.0,6.6,90.0,4.0
2018-08-31,28.8,68.0,1.7999999999999998,6.3,90.0,3.0
2018-09-01,25.9,74.0,2.6,4.2,30.0,5.0
2018-09-02,27.5,80.0,23.05,2.3,280.0,7.0
2018-09-03,28.2,71.0,43.5,7.0,180.0,3.0
2018-09-04,27.9,62.0,0.5,7.7,170.0,5.0
2018-09-05,27.5,64.0,0.8695652173913043,3.2,180.0,4.0
2018-09-06,29.0,63.0,1.2391304347826086,3.5,80.0,4.0
2018-09-07,27.9,68.0,1.608695652173913,6.7,220.0,4.0
2018-09-08,28.8,70.0,1.9782608695652173,6.4,50.0,5.0
2018-09-09,28.9,60.0,2.347826086956521,6.5,80.0,6.0
2018-09-10,29.0,58.0,2.717391304347826,8.0,80.0,6.0
2018-09-11,29.4,62.0,3.0869565217391304,7.0,80.0,4.0
2018-09-12,29.3,62.0,3.4565217391304346,7.7,90.0,4.0
2018-09-13,27.8,66.0,3.826086956521739,4.9,180.0,4.0
2018-09-14,28.2,63.0,4.195652173913043,7.3,300.0,4.0
2018-09-15,28.0,70.0,4.565217391304348,7.9,260.0,5.5
2018-09-16,28.3,58.0,4.934782608695652,7.7,60.0,7.0
2018-09-17,29.3,55.0,5.304347826086956,7.9,90.0,7.0
2018-09-18,29.3,58.0,5.673913043478261,6.2,60.0,7.0
2018-09-19,28.6,66.0,6.0434782608695645,0.2,70.0,6.0
2018-09-20,28.2,74.0,6.413043478260869,0.8,60.0,4.0
2018-09-21,27.6,76.0,6.782608695652174,0.0,50.0,3.0
2018-09-22,29.1,68.0,7.152173913043478,8.0,80.0,6.0
2018-09-23,29.2,70.0,7.521739130434782,6.7,80.0,4.0
2018-09-24,28.0,70.0,7.891304347826086,6.8,90.0,5.0
2018-09-25,28.4,68.0,8.26086956521739,7.0,240.0,5.0
2018-09-26,28.9,69.0,8.630434782608695,4.4,90.0,3.0
2018-09-27,28.5,75.0,9.0,6.2,15.0,5.0
2018-09-28,28.9,65.0,0.5,8.0,50.0,7.0
2018-09-29,29.1,63.0,0.4714285714285714,6.5,170.0,4.0
2018-09-30,29.3,64.0,0.4428571428571428,7.4,180.0,4.0
2018-10-01,29.4,68.0,0.4142857142857142,7.2,90.0,4.0
2018-10-02,29.1,71.0,0.3857142857142857,5.9,90.0,4.0
2018-10-03,29.7,72.0,0.3571428571428571,4.0,180.0,4.0
2018-10-04,30.0,72.0,0.3285714285714285,6.8,90.0,5.0
2018-10-05,30.3,68.0,0.3,6.2,90.0,3.0
2018-10-06,29.8,69.0,0.8714285714285714,5.4,340.0,5.0
2018-10-07,29.5,59.0,1.4428571428571428,6.9,60.0,5.5
2018-10-08,29.5,60.0,2.0142857142857142,7.8,50.0,6.0
2018-10-09,30.0,54.0,2.5857142857142854,6.6,80.0,4.0
2018-10-10,29.4,66.0,3.1571428571428566,7.8,200.0,4.0
2018-10-11,30.1,66.0,3.728571428571428,6.6,60.0,6.0
2018-10-12,29.3,70.0,4.3,6.6,80.0,4.5
2018-10-13,29.5,67.0,4.871428571428571,2.4,280.0,3.0
2018-10-14,29.7,66.0,5.442857142857142,5.8,350.0,4.0
2018-10-15,29.9,68.0,6.014285714285713,5.5,120.0,4.0
2018-10-16,29.5,72.0,6.585714285714285,5.4,140.0,3.0
2018-10-17,29.3,69.0,7.157142857142857,2.5,80.0,4.0
2018-10-18,29.3,67.0,7.728571428571428,3.4,140.0,7.0
2018-10-19,29.4,70.0,8.3,3.1,180.0,2.0
2018-10-20,28.1,74.0,4.4,4.2,190.0,3.0
2018-10-21,29.7,69.0,0.5,7.5,40.0,6.0
2018-10-22,29.7,72.0,13.75,8.0,100.0,4.0
2018-10-23,27.2,82.0,27.0,2.8,270.0,5.0
2018-10-24,29.3,70.0,10.5,7.0,130.0,4.0
2018-10-25,29.1,71.0,0.4,7.8,80.0,4.0
2018-10-26,29.6,71.0,9.750000000000002,6.6,320.0,4.0
2018-10-27,28.2,79.0,19.1,2.3,80.0,3.0
2018-10-28,28.4,80.0,26.7,4.8,140.0,5.0
2018-10-29,28.5,80.0,21.2,4.3,230.0,3.0
2018-10-30,28.8,76.0,16.2,2.4,270.0,4.0
2018-10-31,29.2,71.0,11.2,4.2,180.0,3.0
2018-11-01,29.0,73.0,6.199999999999999,3.6,320.0,4.0
2018-11-02,29.2,72.0,1.2,1.9,70.0,5.0
2018-11-03,27.7,76.0,1.25,1.6,180.0,3.0
2018-11-04,29.0,75.0,1.3,2.2,270.0,4.0
2018-11-05,29.2,74.0,2.9,0.4,320.0,4.0
2018-11-06,27.1,81.0,4.5,3.1,140.0,3.0
2018-11-07,27.1,84.0,6.1,1.0,270.0,4.0
2018-11-08,27.7,83.0,12.5,0.0,250.0,3.0
2018-11-09,26.3,90.0,1.5,0.0,280.0,4.0
2018-11-10,27.2,84.0,7.6,3.8,180.0,2.0
2018-11-11,27.1,84.0,0.3,3.0,80.0,4.0
2018-11-12,27.4,85.0,1.1,0.2,80.0,4.0
2018-11-13,26.7,84.0,0.2,1.9,260.0,4.0
2018-11-14,28.4,75.0,2.8,3.5,200.0,6.0
2018-11-15,30.0,69.0,1.5,5.5,220.0,4.0
2018-11-16,30.9,65.0,0.2,6.9,230.0,4.0
2018-11-17,30.0,70.0,1.7,6.7,330.0,5.0
2018-11-18,28.2,80.0,3.2,1.3,60.0,3.0
2018-11-19,29.4,74.0,4.7,4.8,90.0,4.0
2018-11-20,28.7,75.0,15.28,1.8,320.0,4.0
2018-11-21,28.1,76.0,25.86,4.1,230.0,6.0
2018-11-22,29.4,74.0,36.440000000000005,7.0,230.0,5.0
2018-11-23,28.0,80.0,47.02,5.9,50.0,3.0
2018-11-24,27.3,81.0,57.6,3.4,50.0,5.0
2018-11-25,27.4,83.0,0.4,2.6,90.0,7.0
2018-11-26,27.1,82.0,6.2,3.4,170.0,4.0
2018-11-27,27.2,81.0,35.800000000000004,1.9,120.0,5.0
2018-11-28,26.8,89.0,65.4,0.6,200.0,4.0
2018-11-29,27.15,86.0,33.050000000000004,0.8999999999999999,225.0,2.5
2018-11-30,27.5,83.0,0.7,1.2,250.0,1.0
2018-12-01,28.4,79.0,0.7999999999999999,2.0,160.0,1.0
2018-12-02,29.1,75.0,0.9,0.1,260.0,2.0
2018-12-03,26.6,90.0,1.0,3.6,60.0,1.0
2018-12-04,27.2,85.0,18.9,0.0,210.0,1.0
2018-12-05,27.6,83.0,21.0,1.4,180.0,1.0
2018-12-06,27.5,84.0,0.4,4.4,80.0,1.0
2018-12-07,28.8,78.0,2.0,5.4,60.0,1.0
2018-12-08,27.9,81.0,0.8,4.7,250.0,1.0
2018-12-09,27.8,84.0,5.3,3.3,60.0,1.0
2018-12-10,25.9,93.0,9.8,0.0,270.0,1.0
2018-12-11,27.3,88.0,18.8,4.0,120.0,1.0
2018-12-12,26.8,87.0,84.0,7.6,260.0,1.0
2018-12-13,27.8,84.0,33.2,4.1,80.0,1.0
2018-12-14,28.5,79.0,4.5,8.9,270.0,4.0
2018-12-15,27.6,80.0,3.64,7.7,270.0,3.0
2018-12-16,28.3,76.0,2.78,4.7,250.0,3.0
2018-12-17,30.0,69.0,1.92,5.2,240.0,2.0
2018-12-18,28.9,75.0,1.06,6.4,130.0,2.0
2018-12-19,27.8,82.0,0.2,6.6,80.0,2.0
2018-12-20,28.6,76.0,2.0,5.8,270.0,2.0
2018-12-21,28.6,72.0,1.85,9.2,250.0,2.0
2018-12-22,28.4,78.0,1.7,6.1,250.0,2.0
2018-12-23,26.7,80.0,1.55,0.9,320.0,4.0
2018-12-24,27.7,77.0,1.4,0.3,250.0,4.0
2018-12-25,27.1,83.0,1.25,5.8,230.0,3.0
2018-12-26,26.2,87.0,1.1,1.2,260.0,2.0
2018-12-27,27.6,79.0,3.6000000000000005,0.7,240.0,3.0
2018-12-28,28.6,76.0,6.100000000000001,5.2,260.0,4.0
2018-12-29,28.9,76.0,8.600000000000001,9.4,280.0,4.0
2018-12-30,29.8,73.0,11.1,7.1,240.0,4.0
2018-12-31,27.6,80.5,13.6,7.6,250.0,3.0
2019-01-01,25.4,88.0,16.1,2.1,250.0,3.0
2019-01-02,27.3,81.0,1.0,0.1,280.0,3.0
2019-01-03,27.4,76.0,4.5,4.9,260.0,4.0
2019-01-04,28.7,73.0,18.333333333333336,8.4,280.0,3.0
2019-01-05,28.0,76.0,32.16666666666667,9.7,90.0,2.0
2019-01-06,28.3,79.0,46.0,5.9,230.0,1.0
2019-01-07,29.1,78.0,31.833333333333336,10.2,90.0,2.0
2019-01-08,27.9,84.0,17.666666666666668,7.9,240.0,1.0
2019-01-09,28.0,84.0,3.5,6.0,40.0,1.0
2019-01-10,27.2,86.0,16.6,5.3,250.0,2.0
2019-01-11,28.2,81.0,1.1,5.699999999999999,280.0,2.0
2019-01-12,29.0,80.0,0.8,6.1,320.0,2.0
2019-01-13,27.8,86.0,0.5,7.5,340.0,1.0
2019-01-14,26.5,88.0,30.2,2.9,140.0,2.0
2019-01-15,27.7,84.0,22.5,1.0,250.0,2.0
2019-01-16,26.7,89.0,14.8,2.7,270.0,1.0
2019-01-17,26.9,86.0,7.1,0.0,270.0,3.0
2019-01-18,27.5,86.0,2.0,5.4,200.0,2.0
2019-01-19,26.7,86.0,0.8,0.0,280.0,1.0
2019-01-20,27.9,82.0,2.6,0.4,330.0,1.0
2019-01-21,26.1,92.0,23.95,3.2,190.0,1.0
2019-01-22,24.8,94.0,45.3,0.0,270.0,1.0
2019-01-23,26.6,90.0,24.0,0.0,250.0,2.0
2019-01-24,27.6,83.0,25.2,1.9,290.0,2.0
2019-01-25,25.9,90.0,26.4,7.1,270.0,1.0
2019-01-26,27.6,87.0,19.2,1.3,260.0,2.0
2019-01-27,26.9,90.0,7.5,6.9,290.0,2.0
2019-01-28,27.3,88.0,2.9,0.0,310.0,2.0
2019-01-29,27.8,85.0,0.2,0.1,290.0,2.0
2019-01-30,27.2,85.0,24.5,6.4,270.0,2.0
2019-01-31,26.7,86.0,27.133333333333333,4.8,250.0,2.0
2019-02-01,25.8,90.0,29.766666666666666,3.1,240.0,1.0
2019-02-02,27.3,87.0,32.4,4.6,320.0,1.0
2019-02-03,28.2,84.0,16.85,5.6,300.0,2.0
2019-02-04,27.3,85.0,1.3,7.0,270.0,2.0
2019-02-05,27.0,88.0,15.0,6.6,250.0,2.0
2019-02-06,28.3,86.0,6.4,3.7,240.0,2.0
2019-02-07,28.6,81.0,5.720000000000001,7.9,290.0,2.0
2019-02-08,28.0,83.0,5.04,7.0,320.0,2.0
2019-02-09,27.3,86.0,4.36,5.7,300.0,1.0
2019-02-10,28.3,82.0,3.68,4.4,250.0,2.0
2019-02-11,27.6,84.0,3.0,6.4,190.0,2.0
2019-02-12,27.4,85.0,2.5,5.1,350.0,1.0
2019-02-13,28.1,83.0,1.25,6.3,270.0,1.0
2019-02-14,28.3,80.0,0.0,0.9,260.0,2.0
2019-02-15,28.1,82.0,25.8,6.3,310.0,2.0
2019-02-16,27.8,84.0,51.6,1.4,320.0,1.0
2019-02-17,27.5,84.0,77.4,1.3,270.0,2.0
2019-02-18,28.3,80.0,51.60000000000001,6.6,300.0,1.0
2019-02-19,28.0,81.0,25.800000000000004,3.2,100.0,1.0
2019-02-20,27.7,84.0,0.0,3.4,80.0,1.0
2019-02-21,27.3,87.0,1.3,1.4,40.0,1.0
2019-02-22,27.0,89.0,5.7,2.8,260.0,2.0
2019-02-23,26.7,86.0,3.8,4.8,290.0,2.0
2019-02-24,27.8,85.0,8.2,6.7,20.0,1.0
2019-02-25,28.4,83.0,5.0,6.3,160.0,2.0
2019-02-26,28.7,80.0,1.8,4.6,100.0,2.0
2019-02-27,29.5,79.0,2.375,6.8,50.0,2.0
2019-02-28,29.3,81.0,2.95,7.3,210.0,1.0
2019-03-01,27.4,87.0,3.525,5.6,140.0,1.0
2019-03-02,27.7,86.0,4.1,2.9,270.0,1.0
2019-03-03,26.6,90.0,22.2,2.9,240.0,1.0
2019-03-04,28.0,82.0,5.0,1.3,30.0,1.0
2019-03-05,26.9,87.0,27.5,8.0,320.0,1.0
2019-03-06,25.1,91.0,15.5,3.9,270.0,1.0
2019-03-07,26.8,84.0,3.1,0.0,250.0,1.0
2019-03-08,28.4,77.0,3.6166666666666663,0.9,170.0,1.0
2019-03-09,27.5,81.0,4.133333333333334,7.3,240.0,2.0
2019-03-10,28.1,78.0,4.65,3.4,270.0,2.0
2019-03-11,26.9,85.0,5.166666666666667,2.5,290.0,2.0
2019-03-12,27.6,82.0,5.683333333333334,3.7,280.0,2.0
2019-03-13,27.6,83.0,6.2,2.7,280.0,1.0
2019-03-14,27.2,83.0,7.5,2.0,270.0,1.0
2019-03-15,28.5,82.0,4.15,4.0,290.0,1.0
2019-03-16,27.6,81.0,0.8,7.1,250.0,3.0
2019-03-17,27.5,81.0,1.0666666666666669,3.3,260.0,1.0
2019-03-18,27.4,84.0,1.3333333333333337,1.3,250.0,2.0
2019-03-19,26.5,86.0,1.6,3.9,260.0,4.0
2019-03-20,27.7,83.0,11.6,1.1,200.0,2.0
2019-03-21,27.2,84.0,21.6,7.4,210.0,1.0
2019-03-22,27.8,85.0,31.6,4.3,250.0,3.0
2019-03-23,27.6,82.0,23.825000000000003,6.4,210.0,3.0
2019-03-24,28.2,81.0,16.05,6.4,260.0,3.0
2019-03-25,27.2,83.0,8.274999999999999,2.3,250.0,2.0
2019-03-26,28.5,82.0,0.5,5.0,280.0,2.0
2019-03-27,27.6,86.0,19.0,6.0,290.0,1.0
2019-03-28,28.5,80.0,0.7,4.4,180.0,2.0
2019-03-29,28.1,77.0,2.4,4.1,160.0,1.0
2019-03-30,28.8,75.0,4.1,9.0,90.0,1.0
2019-03-31,27.9,80.0,5.8,3.6,230.0,1.0
2019-04-01,26.9,82.0,7.5,3.4,260.0,1.0
2019-04-02,27.5,84.0,47.4,6.1,190.0,1.0
2019-04-03,27.1,84.0,5.4,5.6,90.0,1.0
2019-04-04,28.7,78.0,5.2,7.9,130.0,1.0
2019-04-05,28.1,83.0,19.6,7.2,220.0,2.0
2019-04-06,27.2,84.0,0.8,4.5,250.0,2.0
2019-04-07,26.9,88.0,44.3,4.4,230.0,1.0
2019-04-08,28.1,86.0,38.5,6.6,250.0,1.0
2019-04-09,28.7,82.0,0.0,6.2,240.0,2.0
2019-04-10,28.8,84.0,0.925,5.5,250.0,1.0
2019-04-11,29.0,80.0,1.85,6.3,250.0,2.0
2019-04-12,28.3,82.0,2.7750000000000004,8.8,250.0,1.0
2019-04-13,28.7,81.0,3.7,2.0,260.0,1.0
2019-04-14,28.8,77.0,1.3,5.8,260.0,1.0
2019-04-15,28.1,83.0,1.15,9.2,60.0,1.0
2019-04-16,27.7,82.0,1.0,3.7,280.0,0.0
2019-04-17,28.3,80.0,19.0,6.3,70.0,1.0
2019-04-18,29.2,80.0,0.0,8.7,90.0,2.0
2019-04-19,28.3,83.0,4.35,7.4,70.0,1.0
2019-04-20,27.1,88.0,8.7,4.7,260.0,1.0
2019-04-21,29.2,78.0,5.05,3.2,60.0,2.0
2019-04-22,29.4,74.0,1.4,4.8,70.0,3.0
2019-04-23,30.2,70.0,17.466666666666665,9.1,80.0,2.0
2019-04-24,26.8,90.0,33.53333333333333,7.1,90.0,1.0
2019-04-25,28.1,79.0,49.6,0.0,100.0,2.0
2019-04-26,27.4,88.0,13.2,7.6,280.0,1.0
2019-04-27,26.8,90.0,46.7,5.6,190.0,1.0
2019-04-28,27.2,88.0,49.6,6.0,60.0,1.0
2019-04-29,27.8,89.0,0.2,6.4,90.0,1.0
2019-04-30,27.8,89.0,20.7,2.8,270.0,1.0
2019-05-01,27.3,79.0,2.7,4.2,250.0,4.0
2019-05-02,28.6,79.0,1.35,5.1,250.0,3.0
2019-05-03,28.5,78.0,0.0,8.7,300.0,1.0
2019-05-04,28.6,82.0,11.1,6.4,170.0,2.0
2019-05-05,28.4,79.0,22.2,9.3,180.0,2.0
2019-05-06,28.1,80.0,2.2,7.4,60.0,1.0
2019-05-07,28.1,83.0,12.6,2.9,90.0,1.0
2019-05-08,27.8,85.0,23.0,6.0,50.0,1.0
2019-05-09,27.1,88.0,1.3,5.1,270.0,1.0
2019-05-10,27.6,87.0,73.4,5.6,40.0,1.0
2019-05-11,28.4,81.0,17.8,3.5,70.0,2.0
2019-05-12,28.7,80.0,0.0,5.9,170.0,2.0
2019-05-13,28.8,78.0,0.525,5.4,50.0,1.0
2019-05-14,29.4,75.0,1.05,6.7,50.0,2.0
2019-05-15,28.8,78.0,1.5750000000000002,7.6,70.0,2.0
2019-05-16,28.0,85.0,2.1,4.4,130.0,1.0
2019-05-17,28.4,82.0,25.9,4.0,50.0,1.0
2019-05-18,28.6,74.0,2.5,5.6,50.0,1.0
2019-05-19,28.8,76.0,1.6666666666666663,6.6,60.0,1.0
2019-05-20,29.2,78.0,0.8333333333333333,5.8,50.0,1.0
2019-05-21,29.1,74.0,0.0,4.8,70.0,1.0
2019-05-22,29.7,74.0,0.0,7.9,40.0,2.0
2019-05-23,29.6,69.0,0.0,9.1,110.0,2.0
2019-05-24,29.3,68.0,0.0,9.4,80.0,3.0
2019-05-25,29.5,73.0,0.0,9.7,40.0,1.0
2019-05-26,29.3,72.0,0.0,8.6,80.0,1.0
2019-05-27,29.6,72.0,0.0,8.6,100.0,2.0
2019-05-28,29.8,71.0,0.0,6.1,70.0,2.0
2019-05-29,29.5,74.0,0.0,9.0,60.0,2.0
2019-05-30,29.1,76.0,0.0,9.5,50.0,2.0
2019-05-31,29.2,74.0,1.525,8.2,40.0,1.0
2019-06-01,29.0,73.0,3.05,9.4,220.0,1.0
2019-06-02,27.9,82.0,4.574999999999999,6.8,290.0,1.0
2019-06-03,27.8,77.0,6.1,4.0,100.0,0.0
2019-06-04,28.7,72.0,3.05,1.9,60.0,2.0
2019-06-05,29.0,72.0,0.0,6.2,110.0,2.0
2019-06-06,29.6,73.0,10.533333333333331,9.3,50.0,2.0
2019-06-07,28.9,78.0,21.066666666666663,6.6,90.0,1.0
2019-06-08,27.6,79.0,31.6,6.2,250.0,1.0
2019-06-09,27.8,82.0,39.4,7.5,110.0,1.0
2019-06-10,27.8,80.0,22.1,8.1,160.0,1.0
2019-06-11,28.6,77.0,4.8,3.4,120.0,1.0
2019-06-12,28.8,76.0,3.2,7.6,260.0,1.0
2019-06-13,29.4,80.0,1.6,9.3,70.0,1.0
2019-06-14,27.8,83.0,0.0,2.5,230.0,1.0
2019-06-15,28.6,81.0,16.5,4.5,70.0,1.0
2019-06-16,29.1,81.0,11.65,7.4,160.0,1.0
2019-06-17,28.1,79.0,6.8,0.9,60.0,1.0
2019-06-18,27.8,73.0,4.533333333333333,4.1,70.0,2.0
2019-06-19,27.8,70.0,2.2666666666666666,5.6,70.0,2.0
2019-06-20,28.4,71.0,0.0,9.9,250.0,1.0
2019-06-21,28.2,74.0,0.0,7.0,170.0,1.0
2019-06-22,28.0,73.0,0.0,0.9,130.0,1.0
2019-06-23,27.9,73.0,0.0,1.9,250.0,1.0
2019-06-24,27.9,71.0,0.0,6.2,140.0,1.0
2019-06-25,28.2,69.0,0.0,1.7,50.0,2.0
2019-06-26,27.9,73.0,0.0,5.6,40.0,2.0
2019-06-27,28.5,68.0,0.0,8.1,200.0,2.0
2019-06-28,28.5,72.0,0.0,10.0,220.0,1.0
2019-06-29,28.3,67.0,0.0,1.0,70.0,2.0
2019-06-30,28.5,69.0,0.0,9.7,60.0,1.0
2019-07-01,27.7,71.0,0.0,9.6,190.0,2.0
2019-07-02,28.1,69.0,0.0,9.3,60.0,2.0
2019-07-03,28.5,70.0,0.0,10.0,70.0,2.0
2019-07-04,28.3,80.0,0.0,8.9,200.0,2.0
2019-07-05,27.9,78.0,0.0,8.3,250.0,1.0
2019-07-06,28.6,72.0,3.0,4.3,50.0,2.0
2019-07-07,29.1,72.0,1.5,9.7,60.0,2.0
2019-07-08,28.9,72.0,0.0,3.9,90.0,2.0
2019-07-09,28.3,76.0,0.8,8.9,160.0,1.0
2019-07-10,27.4,70.0,0.4,9.8,80.0,2.0
2019-07-11,27.4,70.0,0.0,4.5,50.0,2.0
2019-07-12,27.6,70.0,0.0,8.6,130.0,1.0
2019-07-13,28.1,71.0,0.0,9.3,180.0,1.0
2019-07-14,27.4,74.0,0.0,8.1,100.0,1.0
2019-07-15,27.0,71.0,0.0,5.6,60.0,2.0
2019-07-16,27.8,65.0,0.0,8.4,180.0,1.0
2019-07-17,26.9,64.0,0.0,9.7,60.0,2.0
2019-07-18,27.1,66.0,0.0,9.5,40.0,2.0
2019-07-19,28.7,67.0,0.0,9.9,90.0,2.0
2019-07-20,29.5,68.0,0.0,9.2,40.0,1.0
2019-07-21,29.8,68.0,0.0,6.2,60.0,2.0
2019-07-22,29.2,74.0,0.0,9.9,110.0,1.0
2019-07-23,28.6,70.0,0.0,8.2,60.0,2.0
2019-07-24,28.6,71.0,0.0,9.4,80.0,2.0
2019-07-25,27.8,75.0,0.0,9.8,60.0,2.0
2019-07-26,27.9,80.0,0.0,8.3,150.0,2.0
2019-07-27,27.8,78.0,0.0,8.5,70.0,2.0
2019-07-28,28.3,79.0,0.0,9.3,210.0,1.0
2019-07-29,27.9,78.0,0.0,8.9,300.0,1.0
2019-07-30,28.1,76.0,0.0,5.2,145.0,1.0
2019-07-31,28.2,74.0,0.0,6.9,240.0,2.0
2019-08-01,27.7,73.0,0.0,9.7,60.0,2.0
2019-08-02,28.1,75.0,0.0,8.9,220.0,2.0
2019-08-03,27.9,72.0,0.0,5.7,50.0,1.0
2019-08-04,27.7,69.0,0.0,7.3,40.0,1.0
2019-08-05,27.3,59.0,0.0,6.0,290.0,2.0
2019-08-06,27.2,60.0,0.0,9.2,180.0,2.0
2019-08-07,27.4,62.0,0.0,9.5,40.0,2.0
2019-08-08,27.6,71.0,0.0,8.3,80.0,1.0
2019-08-09,27.7,69.0,0.0,5.8,60.0,1.0
2019-08-10,27.4,69.0,0.0,5.4,60.0,2.0
2019-08-11,28.1,71.0,0.0,9.1,60.0,2.0
2019-08-12,27.7,69.0,0.0,7.9,170.0,2.0
2019-08-13,27.9,70.0,0.0,7.2,70.0,2.0
2019-08-14,28.6,70.0,0.0,7.8,50.0,1.0
2019-08-15,28.8,72.0,0.0,6.4,110.0,1.0
2019-08-16,28.1,75.0,0.0,2.6,150.0,2.0
2019-08-17,28.3,72.0,0.0,4.5,200.0,1.0
2019-08-18,28.3,65.0,0.0,4.6,70.0,2.0
2019-08-19,27.7,71.0,0.0,9.8,70.0,2.0
2019-08-20,27.9,64.0,0.8400000000000001,9.9,40.0,2.0
2019-08-21,29.1,60.0,1.6800000000000002,9.4,50.0,4.0
2019-08-22,28.6,72.0,2.5200000000000005,9.233333333333334,50.0,2.0
2019-08-23,28.0,73.0,3.3600000000000003,9.066666666666666,40.0,1.0
2019-08-24,27.8,73.0,4.2,8.9,210.0,2.0
2019-08-25,27.9,72.0,5.040000000000001,6.3,50.0,2.0
2019-08-26,28.1,70.0,5.880000000000001,8.9,100.0,1.0
2019-08-27,28.1,74.0,6.720000000000001,2.7,50.0,2.0
2019-08-28,27.6,80.0,7.56,7.6,210.0,2.0
2019-08-29,28.0,75.0,8.4,2.7,90.0,2.0
2019-08-30,28.5,70.0,4.2,7.2,110.0,2.0
2019-08-31,27.3,66.0,0.0,8.6,50.0,2.0
2019-09-01,28.0,70.0,0.0,7.55,170.0,2.0
2019-09-02,28.3,72.0,0.0,6.5,200.0,1.0
2019-09-03,28.9,71.0,0.0,5.8,90.0,1.0
2019-09-04,28.9,75.0,0.0,7.4,100.0,2.0
2019-09-05,28.4,73.0,0.0,4.1,160.0,1.0
2019-09-06,27.5,70.0,0.0,5.0,190.0,2.0
2019-09-07,28.5,67.0,0.0,7.1,50.0,2.0
2019-09-08,28.8,66.0,0.0,6.7,50.0,2.0
2019-09-09,28.3,70.0,0.0,8.6,40.0,2.0
2019-09-10,30.0,57.0,0.0,7.7,70.0,4.0
2019-09-11,29.0,58.0,0.0,9.4,70.0,2.0
2019-09-12,28.1,68.0,0.0,10.0,170.0,2.0
2019-09-13,27.4,66.0,0.0,9.2,190.0,2.0
2019-09-14,27.4,65.0,0.0,6.6,120.0,2.0
2019-09-15,27.4,69.0,0.0,8.2,90.0,2.0
2019-09-16,29.1,70.0,0.0,7.1,70.0,2.0
2019-09-17,28.3,72.0,0.0,8.3,60.0,2.0
2019-09-18,28.9,70.0,0.0,7.7,70.0,2.0
2019-09-19,29.2,68.0,0.0,7.5,220.0,2.0
2019-09-20,28.6,63.0,0.0,8.25,50.0,2.0
2019-09-21,28.6,64.0,0.0,9.0,190.0,2.0
2019-09-22,29.2,64.0,0.0,7.5,110.0,2.0
2019-09-23,28.8,66.0,0.0,8.6,70.0,3.0
2019-09-24,29.1,67.0,0.0,7.9,60.0,3.0
2019-09-25,29.4,72.0,0.0,7.9,250.0,2.0
2019-09-26,29.8,68.0,0.0,0.0,110.0,2.0
2019-09-27,29.6,66.0,0.0,8.4,70.0,2.0
2019-09-28,29.7,66.0,0.0,7.9,110.0,2.0
2019-09-29,29.5,70.0,0.0,8.6,40.0,2.0
2019-09-30,29.6,67.0,0.0,7.5,50.0,3.0
2019-10-01,28.8,69.0,0.0,7.4,160.0,1.0
2019-10-02,29.3,68.0,0.0,8.8,50.0,2.0
2019-10-03,29.3,72.0,0.0,8.5,210.0,2.0
2019-10-04,29.8,63.0,0.0,7.2,70.0,3.0
2019-10-05,29.3,62.0,0.0,9.0,80.0,2.0
2019-10-06,29.4,62.0,8.325,9.5,80.0,2.0
2019-10-07,29.5,62.0,16.65,9.4,70.0,2.0
2019-10-08,29.8,66.0,24.975,7.8,230.0,2.0
2019-10-09,28.8,76.0,33.3,8.4,210.0,1.0
2019-10-10,28.8,76.0,24.975,9.2,140.0,1.0
2019-10-11,28.9,74.0,16.65,4.3,120.0,2.0
2019-10-12,29.7,70.0,8.325,5.7,200.0,1.0
2019-10-13,29.3,70.0,0.0,5.6,100.0,2.0
2019-10-14,29.3,71.0,0.0,8.1,70.0,2.0
2019-10-15,29.5,68.0,0.0,9.8,60.0,2.0
2019-10-16,29.2,70.0,0.0,7.8,70.0,2.0
2019-10-17,29.3,76.0,6.5,7.6,80.0,1.0
2019-10-18,28.5,74.0,2.0,7.6,100.0,1.0
2019-10-19,29.6,74.0,1.0,3.3,50.0,2.0
2019-10-20,29.5,66.0,0.0,8.4,80.0,2.0
2019-10-21,30.0,62.0,0.0,10.5,60.0,3.0
2019-10-22,30.5,59.0,0.0,9.9,70.0,2.0
2019-10-23,30.5,64.0,0.0,10.4,50.0,2.0
2019-10-24,29.9,66.0,0.0,9.8,50.0,2.0
2019-10-25,30.2,68.0,0.0,9.7,210.0,1.0
2019-10-26,29.6,67.0,0.0,8.3,170.0,2.0
2019-10-27,28.7,74.0,0.0,9.6,170.0,1.0
2019-10-28,29.3,72.0,3.3,2.1,290.0,2.0
2019-10-29,29.1,72.0,0.0,7.6,200.0,2.0
2019-10-30,29.0,68.0,0.0,6.2,160.0,1.0
2019-10-31,29.7,68.0,0.0,9.3,230.0,2.0
2019-11-01,28.1,76.0,25.33333333333333,8.0,70.0,1.0
2019-11-02,27.0,80.0,50.66666666666666,5.6,210.0,2.0
2019-11-03,27.7,78.0,76.0,6.5,130.0,1.0
2019-11-04,29.1,74.0,0.2,8.4,80.0,2.0
2019-11-05,29.3,70.0,3.2,6.3,200.0,1.0
2019-11-06,28.8,70.0,6.2,8.6,160.0,2.0
2019-11-07,28.5,72.0,1.5,6.8,230.0,1.0
2019-11-08,28.8,65.0,0.0,10.6,200.0,2.0
2019-11-09,29.7,67.0,0.0,9.9,70.0,1.0
2019-11-10,29.3,72.0,0.0,10.1,280.0,1.0
2019-11-11,29.7,73.0,0.0,8.8,70.0,2.0
2019-11-12,28.8,77.0,4.25,8.0,260.0,1.0
2019-11-13,28.8,76.0,8.5,1.7,190.0,2.0
2019-11-14,27.7,78.0,6.375,1.6,50.0,2.0
2019-11-15,30.1,70.0,4.25,0.0,90.0,2.0
2019-11-16,29.9,68.0,2.125,7.9,110.0,2.0
2019-11-17,30.0,69.0,0.0,10.8,50.0,2.0
2019-11-18,30.6,68.0,0.0,10.2,50.0,2.0
2019-11-19,29.6,72.0,0.0,7.7,40.0,2.0
2019-11-20,29.6,72.0,0.0,10.2,140.0,1.0
2019-11-21,28.5,77.0,0.0,7.5,100.0,2.0
2019-11-22,28.1,80.0,0.1,4.8,230.0,1.0
2019-11-23,29.1,74.0,0.2,2.3,270.0,2.0
2019-11-24,29.7,72.0,0.1,2.4,320.0,1.0
2019-11-25,29.2,73.0,0.0,5.6,110.0,1.0
2019-11-26,27.7,83.0,0.2,4.2,120.0,1.0
2019-11-27,28.1,84.0,6.1,3.0,130.0,1.0
2019-11-28,29.7,74.0,7.0,2.8,170.0,1.0
2019-11-29,29.2,77.0,0.0,7.5,110.0,2.0
2019-11-30,27.8,83.0,3.0,6.5,230.0,1.0
2019-12-01,30.2,74.0,4.3,3.3,120.0,1.0
2019-12-02,29.4,79.0,4.5,8.8,180.0,0.0
2019-12-03,27.3,84.0,7.2,4.9,220.0,2.0
2019-12-04,29.4,77.0,9.9,5.4,270.0,2.0
2019-12-05,28.7,79.0,7.9,8.1,290.0,2.0
2019-12-06,28.2,83.0,4.050000000000001,5.6,280.0,2.0
2019-12-07,27.2,86.0,0.2,0.0,240.0,1.0
2019-12-08,28.7,79.0,2.0,0.0,260.0,2.0
2019-12-09,29.3,74.0,6.75,7.9,130.0,1.0
2019-12-10,26.5,90.0,11.5,6.9,260.0,1.0
2019-12-11,26.9,83.0,33.8,0.7,100.0,2.0
2019-12-12,26.4,86.0,6.5,6.8,70.0,1.0
2019-12-13,28.1,80.0,0.0,0.6,190.0,2.0
2019-12-14,28.9,74.0,0.0,4.7,290.0,2.0
2019-12-15,28.0,80.0,0.0,7.1,210.0,1.0
2019-12-16,27.7,84.0,2.0,2.4,250.0,1.0
2019-12-17,26.8,89.0,1.7,0.1,270.0,1.0
2019-12-18,27.5,82.0,13.3,4.3,60.0,1.0
2019-12-19,28.2,82.0,20.4,7.3,270.0,2.0
2019-12-20,29.2,76.0,27.5,5.5,250.0,1.0
2019-12-21,29.4,78.0,34.6,6.2,200.0,1.0
2019-12-22,27.3,86.0,41.7,5.4,260.0,1.0
2019-12-23,27.3,83.0,5.4,4.1,70.0,2.0
2019-12-24,28.6,79.0,15.3,6.5,50.0,2.0
2019-12-25,26.2,94.0,25.2,6.8,300.0,0.0
2019-12-26,26.8,86.0,0.3,0.0,240.0,1.0
2019-12-27,27.0,88.0,4.1,5.2,250.0,1.0
2019-12-28,26.9,88.0,17.6,2.9,60.0,1.0
2019-12-29,27.3,86.0,9.1,1.7,260.0,1.0
2019-12-30,28.6,80.0,0.6,1.4,240.0,2.0
2019-12-31,27.9,84.0,104.75,5.6,270.0,2.0
2020-01-01,24.6,98.0,208.9,4.3,230.0,1.0
2020-01-02,26.6,90.0,43.9,0.0,280.0,2.0
2020-01-03,27.7,86.0,1.3,6.0,300.0,3.0
2020-01-04,27.4,88.0,1.0,2.4,250.0,2.0
2020-01-05,27.3,88.0,0.2,0.5,300.0,1.0
2020-01-06,26.1,92.0,22.5,0.3,310.0,1.0
2020-01-07,26.9,90.0,2.2,0.5,240.0,2.0
2020-01-08,26.5,91.0,18.0,4.3,260.0,0.0
2020-01-09,26.6,92.0,7.5,1.3,260.0,2.0
2020-01-10,24.8,96.0,15.2,0.0,270.0,2.0
2020-01-11,26.5,87.0,1.1,1.1,220.0,3.0
2020-01-12,27.9,81.0,1.15,2.2,260.0,2.0
2020-01-13,28.0,83.0,1.2,6.9,270.0,2.0
2020-01-14,28.6,78.0,3.85,2.7,250.0,2.0
2020-01-15,27.2,86.0,6.5,8.1,310.0,2.0
2020-01-16,27.7,83.0,0.0,4.2,250.0,2.0
2020-01-17,28.4,82.0,3.0,6.6,240.0,2.0
2020-01-18,26.6,88.0,74.0,6.5,250.0,1.0
2020-01-19,28.1,82.0,0.1,2.8,280.0,2.0
2020-01-20,28.4,83.0,1.3,7.7,310.0,1.0
2020-01-21,28.1,84.0,2.5,1.8,320.0,2.0
2020-01-22,28.1,87.0,1.75,3.2,230.0,1.0
2020-01-23,28.3,85.0,1.0,1.6,100.0,1.0
2020-01-24,27.450000000000003,88.5,3.9,5.1,210.0,0.0
2020-01-25,26.6,92.0,4.3,0.0,270.0,2.0
2020-01-26,27.9,84.0,1.2,0.2,270.0,2.0
2020-01-27,27.8,83.0,12.5,5.9,170.0,1.0
2020-01-28,28.7,81.0,0.2,4.6,190.0,1.0
2020-01-29,29.2,79.0,0.8500000000000001,5.2,240.0,2.0
2020-01-30,27.2,83.0,1.5,6.3,270.0,2.0
2020-01-31,27.1,90.0,1.3,2.2,240.0,2.0
2020-02-01,25.2,97.0,61.3,0.0,110.0,1.0
2020-02-02,26.0,91.0,24.6,0.9,260.0,0.0
2020-02-03,25.8,94.0,11.9,0.0,280.0,1.0
2020-02-04,26.4,90.0,4.7,0.0,240.0,2.0
2020-02-05,27.0,90.0,0.8,2.0,260.0,2.0
2020-02-06,26.2,93.0,26.4,2.2,250.0,1.0
2020-02-07,26.7,90.0,0.2,0.0,180.0,2.0
2020-02-08,26.6,88.0,27.5,2.0,270.0,2.0
2020-02-09,26.0,87.0,11.0,5.4,260.0,2.0
2020-02-10,28.1,78.0,4.5,1.1,250.0,3.0
2020-02-11,29.0,78.0,4.16,7.3,160.0,2.0
2020-02-12,28.8,77.0,3.82,5.7,110.0,2.0
2020-02-13,28.8,80.0,3.48,5.4,280.0,2.0
2020-02-14,27.4,87.0,3.14,2.8,250.0,1.0
2020-02-15,27.6,84.0,2.8,2.9,290.0,2.0
2020-02-16,26.5,88.0,8.3,6.1,280.0,2.0
2020-02-17,26.3,91.0,13.8,2.1,240.0,0.0
2020-02-18,26.5,87.0,21.5,0.2,270.0,2.0
2020-02-19,26.8,86.0,25.9,3.7,280.0,2.0
2020-02-20,26.5,90.0,30.3,0.9,280.0,2.0
2020-02-21,27.3,85.0,14.7,1.3,260.0,2.0
2020-02-22,27.9,85.0,30.0,5.7,260.0,2.0
2020-02-23,27.6,88.0,44.8,7.6,300.0,2.0
2020-02-24,28.1,84.0,17.3,6.5,270.0,3.0
2020-02-25,26.9,90.0,86.7,4.2,310.0,1.0
2020-02-26,27.8,84.0,2.1,0.6,300.0,2.0
2020-02-27,27.7,86.0,5.0,3.8,260.0,2.0
2020-02-28,27.2,88.0,10.0,2.3,280.0,1.0
2020-02-29,27.0,90.0,15.75,1.5,280.0,2.0
2020-03-01,27.4,90.0,21.5,0.0,260.0,2.0
2020-03-02,28.1,85.0,7.6,0.0,270.0,2.0
2020-03-03,28.9,79.0,6.033333333333333,7.8,260.0,2.0
2020-03-04,27.4,87.0,4.466666666666667,8.8,250.0,2.0
2020-03-05,26.9,84.0,2.9,3.6,260.0,2.0
2020-03-06,28.5,81.0,2.5,0.3,250.0,3.0
2020-03-07,28.2,76.0,1.7333333333333334,8.8,240.0,3.0
2020-03-08,28.4,80.0,0.9666666666666668,5.2,240.0,2.0
2020-03-09,28.7,76.0,0.2,4.2,230.0,3.0
2020-03-10,29.2,77.0,2.6,5.4,260.0,2.0
2020-03-11,28.9,84.0,5.0,6.9,250.0,1.0
2020-03-12,27.2,89.0,12.3,4.7,260.0,1.0
2020-03-13,27.4,84.0,15.8,1.0,250.0,2.0
2020-03-14,29.0,81.0,10.0,6.7,260.0,1.0
2020-03-15,28.5,83.0,4.2,7.2,210.0,1.0
2020-03-16,27.1,88.0,6.5,5.2,240.0,2.0
2020-03-17,28.6,80.0,35.8,4.1,220.0,1.0
2020-03-18,26.5,93.0,8.9,8.9,260.0,1.0
2020-03-19,26.5,90.0,11.9,0.0,260.0,1.0
2020-03-20,26.1,89.0,15.5,1.6,230.0,1.0
2020-03-21,27.4,85.0,44.6,2.8,100.0,1.0
2020-03-22,27.1,86.0,37.3,4.8,140.0,1.0
2020-03-23,27.4,84.0,30.0,4.3,180.0,1.0
2020-03-24,27.1,86.0,9.7,2.5,240.0,1.0
2020-03-25,27.9,82.0,5.8,3.7,200.0,1.0
2020-03-26,28.4,81.0,3.15,5.2,60.0,1.0
2020-03-27,27.9,85.0,0.5,1.2,230.0,1.0
2020-03-28,28.4,82.0,1.1666666666666663,3.2,270.0,1.0
2020-03-29,28.6,82.0,1.8333333333333333,4.0,240.0,2.0
2020-03-30,26.8,88.0,2.5,4.6,250.0,1.0
2020-03-31,27.6,85.0,20.9,3.6,280.0,1.0
2020-04-01,28.2,80.0,4.4,6.3,290.0,1.0
2020-04-02,28.7,79.0,4.720000000000001,5.7,240.0,3.0
2020-04-03,28.2,82.0,5.04,8.5,250.0,2.0
2020-04-04,29.6,78.0,5.36,7.2,270.0,2.0
2020-04-05,28.2,83.0,5.68,6.9,180.0,1.0
2020-04-06,27.6,87.0,6.0,3.8,230.0,1.0
2020-04-07,28.0,83.0,6.5,2.5,240.0,3.0
2020-04-08,27.5,84.0,8.85,7.8,190.0,1.0
2020-04-09,27.8,88.0,11.2,3.6,240.0,0.0
2020-04-10,27.8,87.0,7.0,1.6,250.0,1.0
2020-04-11,28.3,84.0,30.5,3.8,50.0,1.0
2020-04-12,28.5,84.0,5.7,5.6,200.0,1.0
2020-04-13,27.7,88.0,0.6,6.5,250.0,1.0
2020-04-14,27.5,88.0,5.6,5.9,200.0,1.0
2020-04-15,27.6,88.0,20.6,4.2,150.0,1.0
2020-04-16,28.6,83.0,3.2,2.8,60.0,1.0
2020-04-17,29.1,80.0,1.6,6.7,200.0,1.0
2020-04-18,27.9,81.0,0.0,7.1,250.0,1.0
2020-04-19,29.3,79.0,0.0,5.6,40.0,1.0
2020-04-20,30.1,76.0,0.0,8.2,70.0,1.0
2020-04-21,29.4,75.0,0.0,9.0,90.0,2.0
2020-04-22,29.3,72.0,0.0,1.3,120.0,2.0
2020-04-23,30.4,74.0,0.0,9.6,70.0,2.0
2020-04-24,27.3,84.0,9.0,7.7,60.0,1.0
2020-04-25,28.0,76.0,18.0,3.5,60.0,1.0
2020-04-26,27.9,83.0,15.8,3.5,210.0,1.0
2020-04-27,27.1,90.0,13.6,5.0,20.0,1.0
2020-04-28,26.7,89.0,79.5,2.5,270.0,1.0
2020-04-29,26.2,90.0,1.2,1.1,70.0,1.0
2020-04-30,27.0,88.0,47.4,3.9,60.0,1.0
2020-05-01,27.2,87.0,29.0,0.3,260.0,1.0
2020-05-02,26.0,88.0,1.3,0.0,50.0,0.0
2020-05-03,28.1,80.0,0.3,0.0,60.0,1.0
2020-05-04,27.9,82.0,0.8999999999999999,3.5,60.0,1.0
2020-05-05,29.3,78.0,1.5,0.3,40.0,2.0
2020-05-06,27.9,85.0,35.85,8.6,2.0,2.0
2020-05-07,28.7,80.0,70.2,5.1,50.0,2.0
2020-05-08,27.7,88.0,0.0,8.8,60.0,0.0
2020-05-09,27.3,88.0,22.4,4.2,50.0,1.0
2020-05-10,27.6,86.0,11.35,0.0,110.0,1.0
2020-05-11,28.8,80.0,0.3,5.1,60.0,2.0
2020-05-12,29.1,79.0,7.1,2.6,110.0,1.0
2020-05-13,28.9,80.0,13.9,7.6,90.0,1.0
2020-05-14,29.3,75.0,0.0,2.7,60.0,2.0
2020-05-15,29.5,74.0,0.0,5.6,70.0,2.0
2020-05-16,29.3,77.0,4.775,9.2,60.0,3.0
2020-05-17,29.9,76.0,9.55,10.1,120.0,1.0
2020-05-18,27.1,88.0,14.325,6.5,70.0,1.0
2020-05-19,28.3,80.0,19.1,0.5,50.0,1.0
2020-05-20,28.8,80.0,19.25,5.4,300.0,2.0
2020-05-21,28.2,82.0,19.4,5.9,230.0,1.0
2020-05-22,29.5,77.0,0.0,3.0,280.0,1.0
2020-05-23,29.4,76.0,0.6,5.2,260.0,2.0
2020-05-24,29.8,72.0,0.4499999999999999,7.9,250.0,3.0
2020-05-25,29.8,75.0,0.3,9.4,250.0,2.0
2020-05-26,29.0,82.0,0.15,7.3,260.0,2.0
2020-05-27,28.8,80.0,0.0,4.9,260.0,1.0
2020-05-28,28.9,80.0,0.05,3.1,90.0,1.0
2020-05-29,29.2,78.0,0.1,2.1,120.0,1.0
2020-05-30,28.3,78.0,0.05,6.0,50.0,2.0
2020-05-31,28.5,82.0,0.0,6.6,250.0,1.0
2020-06-01,27.9,81.0,6.9,3.1,60.0,2.0
2020-06-02,29.0,75.0,3.5500000000000003,6.3,70.0,2.0
2020-06-03,26.9,87.0,0.2,8.2,100.0,2.0
2020-06-04,28.7,74.0,10.2,5.1,100.0,3.0
2020-06-05,28.5,78.0,5.85,8.6,290.0,1.0
2020-06-06,28.4,77.0,1.5,1.7,120.0,1.0
2020-06-07,28.7,75.0,0.0,1.9,50.0,1.0
2020-06-08,28.8,80.0,7.1,2.8,80.0,2.0
2020-06-09,27.3,86.0,14.2,6.6,160.0,1.0
2020-06-10,28.6,77.0,10.466666666666669,1.8,50.0,2.0
2020-06-11,29.5,74.0,6.733333333333333,5.5,50.0,2.0
2020-06-12,28.6,77.0,3.0,5.9,100.0,2.0
2020-06-13,28.7,75.0,0.0,7.1,100.0,1.0
2020-06-14,29.6,73.0,1.5,6.0,130.0,2.0
2020-06-15,29.7,77.0,0.75,9.9,60.0,2.0
2020-06-16,29.5,78.0,0.0,0.1,50.0,2.0
2020-06-17,29.3,71.0,0.0,5.6,40.0,2.0
2020-06-18,29.5,74.0,0.0,8.3,80.0,1.0
2020-06-19,28.2,82.0,0.25,4.4,80.0,1.0
2020-06-20,29.5,72.0,0.5,0.0,60.0,1.0
2020-06-21,28.7,78.0,0.9333333333333332,8.8,50.0,1.0
2020-06-22,28.0,78.0,1.3666666666666667,4.9,90.0,1.0
2020-06-23,28.0,79.0,1.8,2.0,100.0,1.0
2020-06-24,27.3,82.0,2.1,3.9,60.0,1.0
2020-06-25,28.5,76.0,2.4,5.4,90.0,2.0
2020-06-26,28.8,78.0,1.2,8.3,100.0,1.0
2020-06-27,29.1,74.0,0.0,6.7,70.0,2.0
2020-06-28,29.4,70.0,0.0,2.6,80.0,1.0
2020-06-29,29.7,66.0,0.0,5.5,110.0,2.0
2020-06-30,28.8,71.0,0.0,8.7,60.0,2.0
2020-07-01,28.9,72.0,0.0,6.6,70.0,1.0
2020-07-02,26.3,88.0,0.0,7.1,250.0,1.0
2020-07-03,27.8,80.0,34.9,0.7,190.0,1.0
2020-07-04,28.1,76.0,23.266666666666666,2.8,50.0,2.0
2020-07-05,28.3,70.0,11.633333333333333,1.4,120.0,3.0
2020-07-06,28.5,70.0,0.0,9.8,60.0,2.0
2020-07-07,28.4,75.0,0.0,8.3,60.0,1.0
2020-07-08,28.6,74.0,0.0,8.6,180.0,2.0
2020-07-09,27.7,75.0,0.1,6.9,60.0,1.0
2020-07-10,27.8,77.0,0.0,3.5,31.0,1.0
2020-07-11,28.6,74.0,0.0,0.0,70.0,1.0
2020-07-12,28.8,76.0,0.0,8.8,170.0,1.0
2020-07-13,28.7,74.0,0.0,6.2,60.0,2.0
2020-07-14,28.3,77.0,0.0,1.2,96.0,1.0
2020-07-15,27.2,80.0,4.0,4.1,80.0,2.0
2020-07-16,28.1,79.0,2.4,0.0,90.0,2.0
2020-07-17,29.0,70.0,0.0,0.4,80.0,1.0
2020-07-18,28.8,76.0,1.175,8.6,180.0,1.0
2020-07-19,28.8,75.0,2.35,8.4,100.0,1.0
2020-07-20,28.1,76.0,3.5250000000000004,5.8,190.0,0.0
2020-07-21,27.9,82.0,4.7,5.2,100.0,1.0
2020-07-22,28.6,76.0,0.8,5.2,50.0,2.0
2020-07-23,29.0,73.0,0.65,8.3,200.0,1.0
2020-07-24,28.9,80.0,0.5,2.0,120.0,1.0
2020-07-25,28.9,70.0,0.3333333333333333,7.9,60.0,2.0
2020-07-26,28.1,68.0,0.1666666666666666,9.3,80.0,2.0
2020-07-27,28.2,68.0,0.0,9.9,140.0,2.0
2020-07-28,28.1,68.0,0.0,9.7,130.0,2.0
2020-07-29,28.3,70.0,0.0,8.6,180.0,1.0
2020-07-30,28.7,71.0,0.0,8.5,230.0,1.0
2020-07-31,28.0,60.0,0.0,6.1,140.0,2.0
2020-08-01,27.7,61.0,0.0,9.1,70.0,1.0
2020-08-02,28.2,70.0,0.0,9.9,230.0,1.0
2020-08-03,28.6,71.0,0.0,8.3,70.0,2.0
2020-08-04,29.0,70.0,0.0,7.9,80.0,1.0
2020-08-05,28.0,76.0,0.0,1.4,270.0,1.0
2020-08-06,28.9,74.0,0.0,4.0,150.0,1.0
2020-08-07,29.2,76.0,0.0,3.3,120.0,1.0
2020-08-08,28.7,78.0,0.0,8.9,220.0,1.0
2020-08-09,28.7,78.0,7.5,4.4,200.0,1.0
2020-08-10,28.9,76.0,1.5,8.2,90.0,2.0
2020-08-11,26.2,89.0,0.0,8.7,160.0,1.0
2020-08-12,28.3,78.0,37.2,1.2,60.0,2.0
2020-08-13,26.4,88.0,32.95,3.0,80.0,0.0
2020-08-14,26.4,88.0,28.7,1.3,100.0,1.0
2020-08-15,27.8,82.0,3.0,1.9,70.0,2.0
2020-08-16,28.5,76.0,0.0,9.9,100.0,1.0
2020-08-17,28.9,74.0,0.0,9.5,50.0,2.0
2020-08-18,26.6,86.0,6.7,9.3,100.0,1.0
2020-08-19,28.3,77.0,1.1,4.4,30.0,1.0
2020-08-20,29.0,74.0,0.8250000000000001,8.3,80.0,2.0
2020-08-21,28.4,72.0,0.55,7.5,50.0,3.0
2020-08-22,28.8,64.0,0.275,9.0,60.0,2.0
2020-08-23,29.4,70.0,0.0,9.6,60.0,2.0
2020-08-24,28.4,71.0,0.0,9.8,60.0,2.0
2020-08-25,28.5,65.0,0.0,6.1,50.0,2.0
2020-08-26,28.9,70.0,0.0,9.7,60.0,1.0
2020-08-27,28.6,65.0,0.0,9.9,90.0,2.0
2020-08-28,28.5,66.0,0.0,9.8,60.0,2.0
2020-08-29,29.4,66.0,0.4166666666666667,9.8,70.0,2.0
2020-08-30,29.0,72.0,0.8333333333333334,7.1,50.0,2.0
2020-08-31,29.1,72.0,1.25,6.4,50.0,2.0
2020-09-01,29.1,66.0,1.6666666666666667,9.1,190.0,2.0
2020-09-02,27.8,74.0,2.083333333333333,8.7,180.0,1.0
2020-09-03,28.6,74.0,2.5,3.0,60.0,2.0
2020-09-04,29.6,71.0,0.0,4.8,60.0,2.0
2020-09-05,30.1,75.0,0.0,7.8,160.0,1.0
2020-09-06,28.5,76.0,0.0,7.7,230.0,1.0
2020-09-07,29.2,69.0,0.0,5.9,80.0,1.0
2020-09-08,29.6,62.0,0.0,9.1,50.0,3.0
2020-09-09,30.0,65.0,0.0,9.0,90.0,2.0
2020-09-10,28.8,74.0,0.0,8.0,190.0,1.0
2020-09-11,28.8,75.0,3.0,3.6,190.0,1.0
2020-09-12,29.4,72.0,0.0,3.7,210.0,1.0
2020-09-13,29.4,68.0,1.0,5.4,160.0,2.0
2020-09-14,27.1,78.0,2.0,6.4,140.0,1.0
2020-09-15,27.235714285714288,77.5,1.8571428571428572,6.328571428571429,136.42857142857142,1.0714285714285714
2020-09-16,27.371428571428574,77.0,1.7142857142857144,6.257142857142857,132.85714285714286,1.1428571428571428
2020-09-17,27.50714285714286,76.5,1.5714285714285714,6.185714285714286,129.28571428571428,1.2142857142857142
2020-09-18,27.642857142857142,76.0,1.4285714285714286,6.114285714285715,125.71428571428571,1.2857142857142856
2020-09-19,27.77857142857143,75.5,1.2857142857142858,6.042857142857144,122.14285714285714,1.3571428571428572
2020-09-20,27.914285714285715,75.0,1.1428571428571428,5.9714285714285715,118.57142857142857,1.4285714285714286
2020-09-21,28.05,74.5,1.0,5.9,115.0,1.5
2020-09-22,28.185714285714287,74.0,0.8571428571428572,5.828571428571429,111.42857142857143,1.5714285714285714
2020-09-23,28.321428571428573,73.5,0.7142857142857144,5.757142857142858,107.85714285714286,1.6428571428571428
2020-09-24,28.45714285714286,73.0,0.5714285714285716,5.685714285714286,104.28571428571428,1.7142857142857142
2020-09-25,28.59285714285714,72.5,0.4285714285714286,5.614285714285715,100.71428571428572,1.7857142857142856
2020-09-26,28.728571428571428,72.0,0.2857142857142858,5.542857142857144,97.14285714285714,1.8571428571428572
2020-09-27,28.864285714285714,71.5,0.14285714285714302,5.4714285714285715,93.57142857142857,1.9285714285714284
2020-09-28,29.0,71.0,0.0,5.4,90.0,2.0
2020-09-29,29.1,69.0,0.0,7.4,80.0,1.0
2020-09-30,29.8,65.0,5.15,6.5,70.0,2.0
2020-10-01,30.0,69.0,10.3,10.2,50.0,2.0
2020-10-02,27.6,80.0,15.45,8.7,110.0,2.0
2020-10-03,26.7,84.0,20.6,7.2,260.0,1.0
2020-10-04,29.1,72.0,23.7,2.0,180.0,2.0
2020-10-05,28.3,72.0,67.5,8.5,180.0,1.0
2020-10-06,28.7,70.0,0.0,8.0,200.0,1.0
2020-10-07,28.4,72.0,4.2,7.1,130.0,1.0
2020-10-08,29.1,68.0,8.4,8.5,260.0,2.0
2020-10-09,25.9,91.0,12.6,5.6,280.0,1.0
2020-10-10,28.0,79.0,43.5,0.6,150.0,1.0
2020-10-11,28.0,82.0,65.0,1.2,150.0,1.0
2020-10-12,28.7,76.0,0.0,4.3,70.0,1.0
2020-10-13,28.7,74.0,0.0,4.0,70.0,1.0
2020-10-14,28.8,79.0,0.0,4.9,260.0,1.0
2020-10-15,29.8,70.0,0.0,7.0,100.0,1.0
2020-10-16,27.9,80.0,0.0,6.6,270.0,1.0
2020-10-17,28.0,81.0,76.0,3.0,180.0,0.0
2020-10-18,26.6,85.0,58.6,4.5,70.0,1.0
2020-10-19,26.8,88.0,41.2,4.0,180.0,1.0
2020-10-20,27.4,82.0,17.0,3.5,200.0,1.0
2020-10-21,27.4,85.0,0.2,7.5,160.0,0.0
2020-10-22,27.8,82.0,6.0,2.8,260.0,2.0
2020-10-23,28.8,73.0,0.0,5.4,250.0,3.0
2020-10-24,29.1,76.0,6.5,5.9,60.0,1.0
2020-10-25,26.1,90.0,13.0,7.6,260.0,1.0
2020-10-26,26.2,87.0,19.5,3.8,240.0,1.0
2020-10-27,26.0,89.0,79.1,2.7,60.0,0.0
2020-10-28,28.4,78.0,3.6,1.3,50.0,1.0
2020-10-29,29.1,74.0,0.0,8.7,70.0,2.0
2020-10-30,28.9,75.0,0.0,5.5,50.0,2.0
2020-10-31,27.1,84.0,1.85,2.3,260.0,1.0
2020-11-01,26.0,90.0,3.7,3.2,220.0,2.0
2020-11-02,27.1,85.0,15.6,4.6,270.0,3.0
2020-11-03,28.4,81.0,7.95,1.9,270.0,2.0
2020-11-04,28.0,80.0,0.3,6.9,260.0,1.0
2020-11-05,26.3,88.0,5.8,4.0,0.0,0.0
2020-11-06,27.3,86.0,4.5,0.0,80.0,1.0
2020-11-07,27.7,80.0,9.2,2.6,100.0,1.0
2020-11-08,26.3,86.0,0.4,4.5,70.0,1.0
2020-11-09,28.6,76.0,5.5,5.3,80.0,2.0
2020-11-10,29.1,74.0,0.0,9.5,200.0,1.0
2020-11-11,29.2,75.0,4.6,4.4,40.0,1.0
2020-11-12,29.0,77.0,3.0666666666666664,9.0,60.0,2.0
2020-11-13,29.9,76.0,1.5333333333333332,4.0,80.0,2.0
2020-11-14,30.2,74.0,0.0,10.3,40.0,1.0
2020-11-15,29.8,69.0,0.0,8.0,80.0,2.0
2020-11-16,29.5,76.0,0.0,6.7,80.0,2.0
2020-11-17,28.8,79.0,1.2,5.4,180.0,1.0
2020-11-18,28.1,81.0,10.75,5.5,230.0,1.0
2020-11-19,29.4,73.0,20.3,3.2,80.0,1.0
2020-11-20,28.9,79.0,0.0,6.7,60.0,1.0
2020-11-21,27.8,81.0,3.6,4.0,210.0,1.0
2020-11-22,26.6,86.0,27.0,3.1,170.0,1.0
2020-11-23,26.7,88.0,13.7,2.7,250.0,1.0
2020-11-24,26.9,84.0,0.3,0.4,260.0,2.0
2020-11-25,27.9,82.0,34.7,5.6,230.0,2.0
2020-11-26,29.0,76.0,17.35,7.4,250.0,1.0
2020-11-27,29.0,73.0,0.0,8.7,250.0,2.0
2020-11-28,28.9,76.0,1.9,4.3,210.0,2.0
2020-11-29,27.7,81.0,0.0,4.2,250.0,4.0
2020-11-30,26.9,84.0,2.5,1.5,240.0,3.0
2020-12-01,28.2,77.0,6.933333333333334,2.4,240.0,4.0
2020-12-02,29.6,73.0,11.366666666666667,9.5,200.0,2.0
2020-12-03,26.4,85.0,15.8,7.0,200.0,1.0
2020-12-04,27.8,82.0,2.5,2.5,200.0,2.0
2020-12-05,26.5,85.0,2.0,5.9,270.0,2.0
2020-12-06,25.6,93.0,13.8,1.7,260.0,1.0
2020-12-07,25.3,91.0,46.5,0.0,260.0,2.0
2020-12-08,27.2,83.0,14.9,0.1,270.0,3.0
2020-12-09,27.3,88.0,1.3,7.0,270.0,2.0
2020-12-10,27.1,84.0,2.0,4.5,250.0,2.0
2020-12-11,28.0,82.0,1.0,3.7,210.0,2.0
2020-12-12,27.1,80.0,1.5,3.1,260.0,2.0
2020-12-13,26.7,85.0,4.666666666666666,3.5,250.0,1.0
2020-12-14,27.4,82.0,7.833333333333333,2.6,240.0,3.0
2020-12-15,27.6,80.0,11.0,1.3,240.0,3.0
2020-12-16,27.5,81.0,0.0,2.2,250.0,4.0
2020-12-17,26.9,83.0,6.8,2.8,250.0,3.0
2020-12-18,27.3,82.0,5.2,3.5,260.0,4.0
2020-12-19,27.2,80.0,3.6,3.3,260.0,3.0
2020-12-20,26.8,84.0,2.0,5.4,240.0,3.0
2020-12-21,26.7,83.0,0.4,2.7,260.0,3.0
2020-12-22,27.8,80.0,0.0,0.2,260.0,2.0
2020-12-23,28.3,77.0,0.3,2.0,250.0,2.0
2020-12-24,27.9,78.0,0.0,7.5,250.0,3.0
2020-12-25,28.3,76.0,0.05,4.8,250.0,3.0
2020-12-26,28.2,74.0,0.1,7.2,260.0,3.0
2020-12-27,29.0,74.0,0.0,5.7,240.0,2.0
2020-12-28,28.1,77.0,0.05,6.8,240.0,3.0
2020-12-29,27.1,82.0,0.1,6.1,240.0,3.0
2020-12-30,27.0,81.0,0.3,1.4,260.0,2.0
2020-12-31,27.0,81.0,0.3,1.4,260.0,2.0
